1.057866304,0.045307905,0.017912344,0.00011357,0.007277087,0.004557463,0.002406286,0.00017128,-0.001425484,-0.000978052,0.000257289,0.00010429,1.134219393
1.057838035,0.045264737,0.017792173,0.000147409,0.006675631,0.003617535,0.001718412,0.000313663,0.000350941,0.000753376,-0.000521908,-0.00025468,1.134219393
1.057781741,0.045178718,0.017553132,0.00021482,0.005524594,0.00193874,0.000510809,0.00033736,0.001722323,0.001192489,0.000329233,0.000373167,1.134219393
1.057669962,0.045022449,0.017169505,0.000286635,0.003894553,-0.000148275,-0.000927776,-1.01E-05,0.000984893,-0.000447198,0.000204258,-0.000390778,1.123716653
1.057536954,0.044831194,0.01668324,0.00040721,0.001981435,-0.00212272,-0.002083209,-0.000488771,-0.000821973,-0.001156839,-0.000431422,0.000367197,1.114687583
1.057401795,0.0446251,0.016122098,0.000604681,-1.05E-05,-0.00351432,-0.002518371,-0.000666178,-0.001486852,0.000200041,0.000177786,-0.000311417,1.110337925
1.057277253,0.04441783,0.015506957,0.000895077,-0.001886612,-0.004021195,-0.002050811,-0.000310058,-0.000369259,0.001049676,0.00017744,0.000224071,1.110337925
1.057169593,0.044216268,0.014850907,0.001279895,-0.003483021,-0.003581941,-0.000839019,0.000360716,0.000994185,-4.22E-05,-0.000289934,-0.000147332,1.110337925
1.057070016,0.044011876,0.01415016,0.001736309,-0.004690945,-0.00239009,0.000654665,0.000792728,0.000943407,-0.000984952,6.18E-05,7.27E-05,1.111109944
1.056976838,0.043803158,0.013407736,0.002243595,-0.0054356,-0.000796619,0.001875347,0.000582208,-0.000242446,-0.000115216,0.000177074,-2.09E-05,1.112664996
1.056878794,0.043578923,0.012616609,0.002766898,-0.005697409,0.000771546,0.002364112,-0.000185017,-0.000941031,0.000871524,-0.000165133,-4.03E-06,1.112664996
1.056782812,0.043346372,0.011789124,0.003290004,-0.005476229,0.001962361,0.001971934,-0.000904596,-0.000315548,0.000263013,-9.30E-06,6.87E-06,1.112664996
1.056688814,0.043105638,0.010930382,0.003787509,-0.004820687,0.002543604,0.000862442,-0.000961502,0.000642781,-0.000746463,8.75E-05,-1.06E-06,1.112096567
1.056592804,0.04285287,0.010041219,0.004228573,-0.003819546,0.002449604,-0.000554255,-0.000235944,0.000583072,-0.000391754,-1.92E-05,-9.27E-06,1.111722053
1.056498856,0.04259235,0.009130947,0.004591805,-0.002576862,0.001799567,-0.001750374,0.00078015,-0.000326575,0.000609698,-2.64E-05,2.12E-05,1.110936817
1.056414427,0.042331653,0.008211768,0.004859316,-0.001210553,0.00083767,-0.002288376,0.001300073,-0.000733254,0.000472748,-6.73E-05,-4.66E-05,1.110435377
1.056318425,0.042049358,0.007264906,0.004981127,0.000118596,-0.000188042,-0.002026252,0.000794523,-7.80E-05,-0.000525942,9.75E-05,6.63E-05,1.109586514
1.056193737,0.041728041,0.006275822,0.004915821,0.001267156,-0.001035351,-0.001081811,-0.000455303,0.000730804,-0.000516882,0.000104937,-4.12E-05,1.108815141
1.056041223,0.041368606,0.005250139,0.004650699,0.002145511,-0.00149469,0.000256683,-0.001460566,0.000603886,0.000527743,-0.000234662,6.05E-06,1.108204454
1.055865348,0.040975789,0.004198542,0.004186434,0.002707718,-0.001458623,0.001587317,-0.001315645,-0.000304692,0.00064313,0.000102744,6.97E-05,1.107619277
1.055672282,0.040556136,0.003134115,0.003533618,0.002948438,-0.000954226,0.002486892,1.54E-05,-0.0008045,-0.000459176,0.000241426,-0.000166328,1.106929256
1.05545068,0.040098641,0.002052228,0.002691433,0.00287809,-0.000157342,0.002606233,0.001551327,-0.000243723,-0.000750838,-0.000384109,0.000298952,1.106388415
1.055217405,0.039620948,0.000978793,0.001699534,0.002576216,0.0007237,0.001872863,0.002085909,0.000722564,0.000452569,0.000153639,-0.000420026,1.105611474
1.054977921,0.039129268,-7.20E-05,0.000591213,0.002129543,0.001441952,0.000464271,0.001049822,0.000819418,0.000881963,0.000276172,0.000502535,1.103114125
1.054716923,0.038608988,-0.001107339,-0.000616926,0.001611511,0.001768073,-0.001222195,-0.000965357,-0.000188632,-0.000411743,-0.000463941,-0.000496648,1.089940551
1.054491848,0.038118949,-0.002057835,-0.001822461,0.001183498,0.001674706,-0.002531783,-0.002402063,-0.000950517,-0.000908712,0.000260841,0.000396668,1.084987095
1.054289472,0.037646422,-0.002930385,-0.00300458,0.000893363,0.001124729,-0.003033178,-0.002174192,-0.000579212,0.00022206,3.87E-05,-0.000282106,1.081988395
1.054095052,0.03717684,-0.003735697,-0.004148236,0.000752267,0.000180742,-0.002556751,-0.000386502,0.000408814,0.000829748,-0.000308589,0.000165347,1.081988395
1.05391856,0.036720561,-0.004459205,-0.005211383,0.000773291,-0.000947191,-0.001191543,0.00176661,0.00087107,-4.96E-05,0.00044251,-7.34E-05,1.081988395
1.053764485,0.03628236,-0.005093052,-0.006160447,0.000932798,-0.001990565,0.000659469,0.002747311,0.000305419,-0.000755489,-0.00032263,-6.07E-06,1.079306096
1.053645297,0.035874792,-0.005623241,-0.006959325,0.001184158,-0.002678475,0.002381024,0.001769873,-0.00061735,-0.000153456,-0.0002009,1.88E-05,1.078869033
1.053517205,0.035453366,-0.00609702,-0.007641771,0.001387004,-0.002890347,0.003246601,-0.000675186,-0.000942307,0.000491506,0.000650629,-1.00E-06,1.077251771
1.053367061,0.035004635,-0.00652926,-0.008207691,0.001441409,-0.00253885,0.002878961,-0.002860212,-0.000206587,0.000331899,-0.000431642,1.51E-05,1.071749661
1.053223145,0.034557196,-0.006890416,-0.008609344,0.001317485,-0.001577367,0.001439327,-0.003011191,0.000955025,-8.42E-05,-0.000276371,-6.85E-05,1.071510906
1.053068932,0.034094517,-0.007197979,-0.008851118,0.000951935,-0.00015984,-0.000575117,-0.000858047,0.001132777,-0.000434206,0.000711139,0.000160857,1.071510906
1.05292028,0.033632668,-0.007436314,-0.008905582,0.000346379,0.001474755,-0.002396735,0.002163416,-5.42E-05,-0.000323505,-0.000363092,-0.000288491,1.071749661
1.05274618,0.033140501,-0.007638937,-0.008800435,-0.000521615,0.002941755,-0.003376818,0.003767807,-0.001400429,0.000364375,-0.000442001,0.000445797,1.071054714
1.052568171,0.032640004,-0.007783848,-0.008506334,-0.001571746,0.003934731,-0.003066562,0.002687587,-0.00114907,0.000817678,0.000903477,-0.000577628,1.071054714
1.052389705,0.03213504,-0.007867659,-0.008016581,-0.002712571,0.004195902,-0.00152088,-0.000444292,0.000633,-0.000135112,-0.000436955,0.000652094,1.068639504
1.052210079,0.031625185,-0.007892189,-0.007334987,-0.00383836,0.003588883,0.000695703,-0.003456285,0.001849648,-0.001277682,-0.000610994,-0.000655822,1.065621264
1.052016898,0.031098359,-0.007871063,-0.006481198,-0.004841436,0.002147939,0.002716899,-0.004133138,0.000859881,-0.00023479,0.001172877,0.000602066,1.065576857
1.051862652,0.030607956,-0.007750219,-0.005407259,-0.005534468,0.000185731,0.003807424,-0.001744927,-0.001254868,0.00173214,-0.000472108,-0.000498107,1.065576857
1.051712529,0.030119061,-0.007568963,-0.004172009,-0.005860775,-0.001987609,0.003393173,0.002018251,-0.002126693,0.000587357,-0.001062976,0.000273414,1.065621264
1.051554828,0.029620039,-0.007343009,-0.002814045,-0.005762033,-0.00395087,0.001519131,0.004421874,-0.000555835,-0.00210779,0.001763406,0.000111451,1.065258874
1.051433106,0.0291551,-0.007030002,-0.001313235,-0.005143273,-0.005203314,-0.001061698,0.003730142,0.001937795,-0.001003749,-0.00048259,-0.000662852,1.064446549
1.051312909,0.028689574,-0.006670755,0.000256698,-0.004053262,-0.005479432,-0.003397306,0.000235948,0.002279413,0.002248474,-0.001843128,0.001295314,1.064446549
1.051209034,0.028238404,-0.006255223,0.001872932,-0.002526318,-0.004633256,-0.004497153,-0.003617601,-0.000172601,0.001535714,0.002622682,-0.001929188,1.061335477
1.05111586,0.027795916,-0.00579517,0.003487474,-0.00066474,-0.002778825,-0.003846805,-0.00504359,-0.002685939,-0.002324388,-0.000525126,0.002450269,1.061335477
1.051043307,0.027372178,-0.005286017,0.005069415,0.00141307,-0.000229582,-0.00158894,-0.002861859,-0.002122556,-0.002118493,-0.002618464,-0.002755329,1.061335477
1.051070081,0.027045922,-0.00465548,0.006653956,0.003622853,0.00258058,0.001500142,0.001550233,0.001123668,0.00222133,0.003249467,0.00263699,1.10271234
1.050987701,0.026605562,-0.004135847,0.007948073,0.005495601,0.004705939,0.003782039,0.004621159,0.002776717,0.00222615,-0.000601768,-0.002113874,1.10271234
1.050867308,0.026122216,-0.003662536,0.008986213,0.006942258,0.005777344,0.004469547,0.004367363,0.001263334,-0.001637689,-0.00236887,0.001446446,1.10271234
1.050733794,0.02562102,-0.003215179,0.00976857,0.007870836,0.005639517,0.003440793,0.001207435,-0.00133637,-0.002115537,0.002829765,-0.000768532,1.101790568
1.050533352,0.025047807,-0.002854991,0.010216704,0.00813789,0.004295541,0.001133412,-0.002601766,-0.002222945,0.001070553,-0.000632098,0.00023672,1.09177167
1.05033764,0.024475307,-0.002509396,0.01040573,0.007814119,0.002192625,-0.001338659,-0.004254792,-0.000530931,0.002131926,-0.001684567,0.000137039,1.087968958
1.050116398,0.02387349,-0.002212002,0.010305434,0.006894149,-0.000223441,-0.003052981,-0.002818898,0.00148481,-0.000639454,0.001971502,-0.000354594,1.085741187
1.049881612,0.023254936,-0.001951818,0.009940267,0.005469222,-0.00241699,-0.003422635,0.000468942,0.001618791,-0.001988625,-0.000423503,0.000469664,1.080478321
1.049650601,0.022637616,-0.00171183,0.009347764,0.003675216,-0.003929755,-0.002439423,0.003173703,6.06E-05,0.000300238,-0.001057696,-0.000524047,1.080328376
1.049391436,0.0219898,-0.00152638,0.008516292,0.001614525,-0.004550226,-0.000695513,0.003375996,-0.001324156,0.001732746,0.0011516,0.000567027,1.079442593
1.049147768,0.021356035,-0.001349995,0.007524702,-0.000499297,-0.004167305,0.001117359,0.001219981,-0.001037879,6.87E-05,-0.000188727,-0.000604584,1.072896868
1.048900341,0.020717323,-0.001203284,0.006384362,-0.002530073,-0.002977312,0.002279741,-0.00159721,0.000221029,-0.0014922,-0.000617583,0.000620549,1.068611692
1.048651704,0.020076545,-0.001084356,0.005132303,-0.0043279,-0.00130682,0.002444386,-0.003024961,0.000923381,-0.000345983,0.000595482,-0.000608212,1.066923229
1.04841219,0.019444446,-0.000982873,0.00381616,-0.005753882,0.000461479,0.001712895,-0.002157757,0.000559473,0.001214395,-0.000121576,0.000566464,1.066920457
1.048174252,0.01881357,-0.000907903,0.002461964,-0.006725962,0.001934337,0.00047305,0.000139365,-0.000200908,0.000484436,-0.000190956,-0.000528935,1.06478561
1.047911734,0.018157742,-0.000887494,0.001075553,-0.00721875,0.002805044,-0.000784143,0.002032275,-0.000554289,-0.000943196,0.000194886,0.000527607,1.062002272
1.047654837,0.017507854,-0.000889111,-0.000271854,-0.00716832,0.003023792,-0.001542394,0.002281583,-0.000266165,-0.000431692,-8.30E-05,-0.000535729,1.058879954
1.047410609,0.016871418,-0.000904359,-0.001537267,-0.006579903,0.002660455,-0.001600767,0.000911952,0.000118617,0.000679595,4.69E-05,0.00051177,1.058879954
1.047161017,0.016230505,-0.000951647,-0.002710754,-0.005532571,0.001854487,-0.001119687,-0.000955007,0.000142361,0.000244712,-7.86E-05,-0.000446322,1.053074199
1.046930985,0.015610417,-0.001004698,-0.003739574,-0.004088964,0.000861513,-0.000378859,-0.001894286,8.26E-05,-0.00045736,-5.28E-06,0.000325947,1.052772908
1.046682734,0.014973088,-0.001103366,-0.004647047,-0.002417967,-0.00015981,0.000224753,-0.001409453,0.000106314,-9.82E-05,0.00014441,-0.000180482,1.052772908
1.046411895,0.014314319,-0.001251301,-0.005421077,-0.000656089,-0.001029453,0.000533311,-2.37E-06,0.000138597,0.000369663,-9.17E-05,7.73E-05,1.053074199
1.046147556,0.013663942,-0.001415217,-0.006012567,0.001106844,-0.001569159,0.000663204,0.001301138,2.47E-05,2.15E-05,-6.28E-05,-1.86E-05,1.053579999
1.045894148,0.013026839,-0.00158782,-0.006406091,0.002753103,-0.001731964,0.000746965,0.001576842,-0.000283095,-0.000362542,7.96E-05,-1.67E-05,1.053579999
1.045641203,0.012392674,-0.001778334,-0.006611145,0.004153144,-0.001589735,0.000803975,0.000657382,-0.000457502,2.79E-06,5.11E-06,1.54E-05,1.053579999
1.045377875,0.011750727,-0.001996206,-0.006642957,0.005197979,-0.001264703,0.000744024,-0.000728614,-9.35E-05,0.000371114,-3.23E-05,2.86E-05,1.052633644
1.045113082,0.011110334,-0.002229342,-0.006497906,0.005834586,-0.000850227,0.000469979,-0.001483379,0.000622476,1.95E-05,-2.01E-06,-9.38E-05,1.051966699
1.044849535,0.010474613,-0.002471789,-0.006183407,0.006035153,-0.000423504,-7.14E-05,-0.001039478,0.00079664,-0.000387345,6.65E-06,0.000157381,1.051945983
1.04457678,0.009833409,-0.002731215,-0.005725703,0.005788705,-4.28E-05,-0.00080878,0.000204039,-7.31E-05,-6.67E-05,3.52E-05,-0.000200748,1.05093705
1.044302591,0.009195086,-0.002995303,-0.005132398,0.005142389,0.000304475,-0.001459255,0.001279555,-0.001089122,0.000446425,-5.29E-06,0.000232977,1.049477083
1.044050801,0.008584214,-0.00323475,-0.004396275,0.004190216,0.00066811,-0.001649175,0.001378184,-0.000881877,0.000157622,-8.79E-05,-0.000260831,1.048138854
1.043817623,0.007997293,-0.003450409,-0.00354723,0.003004776,0.001027232,-0.001191863,0.000366507,0.000474628,-0.000567971,2.95E-05,0.000238939,1.047686523
1.043598365,0.00742964,-0.003645651,-0.002622518,0.001662054,0.00131399,-0.000178267,-0.001044523,0.001377282,-0.000350779,0.000104823,-0.000183972,1.047686523
1.043374806,0.006862838,-0.003838618,-0.001677208,0.00022621,0.001418682,0.001014645,-0.001800472,0.000593813,0.000596993,-0.000155852,8.58E-05,1.046651247
1.043148337,0.0062983,-0.004026715,-0.000743799,-0.001209566,0.001275175,0.001919244,-0.00122485,-0.00101709,0.000590453,4.20E-05,6.57E-05,1.045329838
1.042914047,0.005731156,-0.00421356,0.000140562,-0.002558789,0.000853697,0.002128454,0.000375025,-0.001471188,-0.000560004,0.000150744,-0.000265406,1.043653806
1.042662963,0.005152532,-0.004406481,0.000938104,-0.00374316,0.000185852,0.001484853,0.001866195,-8.92E-05,-0.000820429,-0.000197161,0.000520734,1.043653806
1.042406765,0.00457452,-0.004590383,0.001639563,-0.004666228,-0.000594044,0.000214241,0.002134344,0.001577023,0.000520477,7.00E-05,-0.000795075,1.042844549
1.042133693,0.003985644,-0.00477425,0.002214783,-0.005274947,-0.001336249,-0.001216085,0.000843194,0.001411264,0.001049545,0.000113944,0.001063312,1.040846887
1.041847042,0.00338986,-0.004949915,0.002658447,-0.00551248,-0.00184563,-0.002201796,-0.001157746,-0.000514033,-0.000348884,-0.00012287,-0.001246619,1.028692478
1.041596151,0.002837649,-0.005060582,0.003022106,-0.005290865,-0.00190028,-0.002228091,-0.002365882,-0.001860394,-0.001174636,2.66E-05,0.001297239,1.028692478
1.041366665,0.002315003,-0.005117837,0.003285893,-0.00464211,-0.001485984,-0.001306506,-0.001941986,-0.001072345,7.61E-06,-0.000102731,-0.001248936,1.028692478
1.041174713,0.001838224,-0.005104116,0.003460733,-0.003607887,-0.000686792,0.000154758,-0.000178384,0.0009333,0.001169231,0.00015537,0.001059962,1.040996685
1.040970783,0.001357173,-0.00507225,0.00348419,-0.002345818,0.000216557,0.001412974,0.001585129,0.001723895,0.000190832,-4.95E-05,-0.000772823,1.042777532
1.040759635,0.000876549,-0.005017892,0.003360034,-0.000960682,0.001005475,0.001947836,0.002178715,0.000522015,-0.001047911,-0.000128027,0.000458981,1.043791026
1.040554422,0.000409711,-0.004926934,0.00310881,0.000452615,0.001522227,0.001622695,0.001324466,-0.001109058,-0.000309677,0.000240197,-0.000158418,1.042777532
1.040347849,-5.06E-05,-0.00480692,0.002732314,0.001775714,0.001653172,0.000650808,-0.000325295,-0.001353031,0.000883724,-0.000171779,-0.000103031,1.040996685
1.040148959,-0.000495225,-0.004648563,0.002254182,0.002920102,0.001401779,-0.000475087,-0.001629314,-0.000102992,0.000399303,-6.99E-05,0.000302542,1.040034335
1.039947894,-0.000934024,-0.004462688,0.001680016,0.003790918,0.000834285,-0.001274699,-0.001799729,0.001073051,-0.000747589,0.00027512,-0.000438011,1.038012159
1.039747245,-0.001364292,-0.004246981,0.001032949,0.004333792,0.00010713,-0.001437017,-0.00081653,0.000947713,-0.000433122,-0.00021719,0.000519923,1.037707631
1.039558185,-0.001774624,-0.003990188,0.000348266,0.004532762,-0.000581305,-0.000949026,0.000617123,-0.000117693,0.0006304,-7.74E-05,-0.000565491,1.037707631
1.039371759,-0.00217395,-0.003702551,-0.000360361,0.004373948,-0.001083835,-0.000123107,0.001529616,-0.000902737,0.000398615,0.000287551,0.000573282,1.037707631
1.039198398,-0.002551666,-0.003374359,-0.001057377,0.003893588,-0.001284425,0.000633567,0.001396282,-0.000667403,-0.000530875,-0.000184485,-0.000555865,1.03468017
1.039037904,-0.002907933,-0.003007511,-0.001719997,0.003137323,-0.001165548,0.000971972,0.000383176,0.000148431,-0.000374728,-0.000153248,0.000502639,1.034328322
1.038892526,-0.003240569,-0.002602305,-0.002325578,0.002169289,-0.000793627,0.00077257,-0.000809028,0.000642069,0.000422745,0.000316208,-0.000441318,1.032952607
1.038753357,-0.003558735,-0.002171426,-0.002866757,0.001051738,-0.000310957,0.000170795,-0.001444408,0.000429151,0.000284351,-0.000135897,0.000367113,1.030223108
1.03862192,-0.003861127,-0.001717133,-0.003327257,-0.000132509,0.000138909,-0.000489194,-0.001165243,-0.000101609,-0.000363342,-0.000199927,-0.000294553,1.027244055
1.038488494,-0.004157786,-0.001253609,-0.003705541,-0.001310395,0.00042613,-0.000862383,-0.000207583,-0.000431322,-0.000205578,0.000304954,0.000223066,1.027244055
1.038353167,-0.004448813,-0.000784596,-0.003990786,-0.002396734,0.000500151,-0.00074327,0.000826581,-0.000358634,0.000354277,-4.87E-05,-0.000148927,1.027244055
1.038215693,-0.004734549,-0.000313673,-0.004173628,-0.003310873,0.000387938,-0.000181839,0.001335141,-2.16E-05,0.000141372,-0.000263042,7.82E-05,1.026779447
1.038088852,-0.005002164,0.000169337,-0.004232652,-0.003968731,0.000192191,0.000550836,0.001065963,0.000335742,-0.000360079,0.000272179,-1.43E-05,1.026779447
1.037971329,-0.005253181,0.000659054,-0.004167331,-0.004326552,7.98E-06,0.001042325,0.000168256,0.000408454,-0.000130929,-1.44E-05,-7.32E-05,1.026779447
1.037836784,-0.005514432,0.001123487,-0.004009269,-0.004395119,-0.000121039,0.00094504,-0.000893673,4.66E-05,0.000329067,-0.000258084,0.00018892,1.025510656
1.037692512,-0.005778652,0.001566954,-0.003752714,-0.004159958,-0.000123866,0.000280295,-0.001442911,-0.000370383,0.000189307,0.000345638,-0.000296294,1.024137844
1.03754719,-0.006036995,0.001996402,-0.003390303,-0.003620995,3.12E-05,-0.00060657,-0.001063485,-0.000369479,-0.000252558,-0.0001109,0.000391886,1.024137844
1.037417066,-0.006272992,0.002426748,-0.002909304,-0.002791666,0.000321005,-0.001224955,7.55E-05,6.09E-05,-0.000219939,-0.000284611,-0.000474224,1.025510656
1.037303285,-0.00648563,0.002855868,-0.002320316,-0.001732572,0.000629179,-0.001241833,0.00121662,0.000377201,0.00010861,0.000396895,0.000495056,1.032038337
1.037179712,-0.006701596,0.003252128,-0.001669847,-0.000560222,0.000770739,-0.000664888,0.001504596,0.000153583,0.000137573,-0.000128988,-0.000452851,1.032743438
1.037049949,-0.006917567,0.003615283,-0.000972982,0.000637217,0.000643298,0.000260888,0.00072592,-0.000241917,4.71E-05,-0.000224541,0.000362496,1.035781416
1.036896053,-0.007151795,0.003923645,-0.000267708,0.001749619,0.000206514,0.001098331,-0.00059065,-0.000255654,-3.66E-06,0.000350528,-0.000216317,1.035781416
1.036734934,-0.007387178,0.004193432,0.000449265,0.002722665,-0.000418031,0.001503502,-0.001446815,0.000183858,-7.20E-05,-8.46E-05,6.21E-05,1.036410244
1.036574723,-0.007615392,0.004432389,0.001172298,0.003504995,-0.001042061,0.001298353,-0.00119975,0.000437097,-0.000129603,-0.000283609,7.11E-05,1.037365928
1.036408934,-0.007842902,0.004632933,0.001878586,0.004040178,-0.00147781,0.000530687,-6.38E-05,2.34E-05,3.09E-05,0.000325306,-0.000163203,1.038119543
1.03625078,-0.008056332,0.004808225,0.002567052,0.004312155,-0.001544859,-0.000481372,0.001119066,-0.00054365,0.000279991,3.52E-05,0.000204528,1.038729433
1.036095634,-0.008260435,0.004952205,0.0032151,0.004297187,-0.001183536,-0.001342223,0.001434941,-0.00046256,1.53E-05,-0.000427829,-0.000214978,1.038769188
1.035922055,-0.008476972,0.005041225,0.003781689,0.003969658,-0.000471809,-0.00172448,0.00060733,0.000269007,-0.000447797,0.000357206,0.000211436,1.038924909
1.035746435,-0.008689403,0.005092305,0.004271494,0.00337537,0.000471678,-0.001404003,-0.000675486,0.000838343,-3.96E-05,0.000240124,-0.000174335,1.039114928
1.035568636,-0.008897817,0.005105695,0.004673231,0.002559812,0.00143023,-0.00046161,-0.001403796,0.000425392,0.000609062,-0.000715489,9.54E-05,1.039194291
1.035382592,-0.009108266,0.00507569,0.00497096,0.001575933,0.002150222,0.000739734,-0.001020041,-0.000647242,0.000111753,0.000405959,2.93E-05,1.039481202
1.03520146,-0.009307381,0.005017137,0.00517278,0.000511444,0.002440909,0.001731104,0.000197543,-0.001059569,-0.000730688,0.000518391,-0.000186715,1.039591385
1.035015741,-0.009504683,0.004921122,0.00526306,-0.000570523,0.002164997,0.002056062,0.001268383,-0.000187308,-0.00026509,-0.001071008,0.000348324,1.039591385
1.034826956,-0.009698594,0.004790431,0.005240669,-0.001594067,0.001330859,0.001528321,0.001336868,0.001054607,0.000838292,0.000486002,-0.000479922,1.039591385
1.034631216,-0.009893008,0.00462235,0.005100832,-0.002495363,8.07E-05,0.000307695,0.000320415,0.001133306,0.000456357,0.00079087,0.000551207,1.03677606
1.03440796,-0.010108423,0.004398163,0.004825956,-0.003233908,-0.00133491,-0.001140195,-0.001002299,-0.000197616,-0.000884617,-0.001359146,-0.000500063,1.022365443
1.034222995,-0.010278097,0.004190537,0.004499062,-0.003673727,-0.002477205,-0.002084429,-0.001444662,-0.001292191,-0.000536508,0.000541964,0.000321948,1.022148154
1.034041923,-0.010436605,0.003965857,0.004089116,-0.003830921,-0.003106904,-0.002173192,-0.000729001,-0.000969769,0.000746261,0.000775228,-9.93E-05,1.022148154
1.033863578,-0.010585176,0.003724373,0.003600855,-0.003708711,-0.003056767,-0.001373866,0.000538514,0.000423563,0.000591204,-0.001270729,-0.000111859,1.022148154
1.033699975,-0.010711733,0.003480213,0.003055016,-0.003315213,-0.002291876,1.69E-07,0.001353212,0.001379313,-0.000598972,0.000498575,0.000252854,1.027131141
1.033529014,-0.010838698,0.003211371,0.002434295,-0.002721195,-0.000993242,0.0013401,0.001019698,0.000767878,-0.000678207,0.000671139,-0.000301669,1.027131141
1.033363807,-0.010952987,0.002932713,0.001761863,-0.001967626,0.000579149,0.002111901,-0.000167898,-0.00071366,0.000483333,-0.001055953,0.000251409,1.027131141
1.033184536,-0.01107469,0.00262501,0.001026317,-0.001141855,0.002052741,0.001980266,-0.001263346,-0.00142276,0.000712449,0.000364809,-0.000104176,1.026700484
1.0330109,-0.011183978,0.002310845,0.000262595,-0.000282685,0.003125352,0.001055648,-0.001303952,-0.000479178,-0.00030444,0.000650007,-0.000104744,1.026700484
1.032836278,-0.011287595,0.001985148,-0.000523081,0.000540465,0.003536694,-0.000271539,-0.000221314,0.001037014,-0.000745643,-0.000987912,0.000323198,1.026700484
1.032649193,-0.011397196,0.00163775,-0.001329194,0.001259014,0.003159951,-0.001464392,0.001116268,0.001353831,0.000116072,0.000348641,-0.000498183,1.026700484
1.03246152,-0.011500817,0.001283375,-0.002126431,0.001846361,0.002078378,-0.00201204,0.001635452,0.000130327,0.000782155,0.000644914,0.000601367,1.026700484
1.032252276,-0.01161951,0.000903104,-0.002919803,0.002252873,0.00049666,-0.001721954,0.000828441,-0.001251141,6.40E-05,-0.001008975,-0.000592937,1.017035416
1.03205686,-0.011717351,0.000537767,-0.003649607,0.002515609,-0.00118119,-0.000663612,-0.000666489,-0.001116445,-0.000681008,0.000450827,0.000481757,1.01645945
1.031864218,-0.011805305,0.000179316,-0.004309241,0.002624595,-0.002595342,0.000684797,-0.001726141,0.000300944,-0.000280256,0.000448383,-0.000305263,1.014715697
1.031683716,-0.011873845,-0.000159582,-0.004872225,0.002600312,-0.003423961,0.001737911,-0.001493429,0.001307398,0.00053178,-0.000897432,8.94E-05,1.014715697
1.031517449,-0.011920901,-0.000474716,-0.00532397,0.002456511,-0.003494111,0.002016465,-9.97E-05,0.000726357,0.000414579,0.000512471,0.000103753,1.017035416
1.031339037,-0.011973133,-0.000791929,-0.0056841,0.002175991,-0.002840054,0.00134246,0.00138582,-0.000742648,-0.000402675,0.000287664,-0.000235607,1.012781295
1.031189178,-0.011989514,-0.001066808,-0.005899309,0.001828381,-0.00155804,7.41E-05,0.001909582,-0.00122193,-0.000432413,-0.000722956,0.000284766,1.012781295
1.031032765,-0.012005572,-0.001335042,-0.006004918,0.001388693,1.18E-05,-0.001282283,0.000963508,-0.000264367,0.000151995,0.000360903,-0.000284437,1.01251269
1.030885114,-0.012005989,-0.001579737,-0.0059827,0.000894895,0.00154232,-0.002093768,-0.000772893,0.000954064,0.000437076,0.000388848,0.000274895,1.012166288
1.030759225,-0.011977851,-0.00178695,-0.005820555,0.000380803,0.002715713,-0.001968808,-0.002000146,0.000994573,7.70E-05,-0.000722143,-0.000314627,1.010938731
1.030619754,-0.011957187,-0.001994521,-0.005565371,-0.000183722,0.003224323,-0.001013906,-0.001842333,-0.000226767,-0.000477106,0.000192972,0.00040823,1.010938731
1.030482859,-0.011928031,-0.002186184,-0.005207782,-0.000761083,0.002991225,0.000389629,-0.000303752,-0.001119339,-0.000243789,0.000687235,-0.000531963,1.01251269
1.030337841,-0.011901479,-0.002373684,-0.004769426,-0.001341681,0.002077054,0.001629526,0.001549096,-0.000585394,0.000446968,-0.000895926,0.000659366,1.015320885
1.030175828,-0.011886733,-0.002566593,-0.004270223,-0.001907528,0.000703626,0.002171429,0.002371892,0.000679084,0.000425553,8.35E-05,-0.000744858,1.015320885
1.030003921,-0.011876763,-0.00275704,-0.003711082,-0.002412935,-0.000776978,0.001814032,0.001543815,0.001115392,-0.00031725,0.000992997,0.000780278,1.015320885
1.02980788,-0.01188583,-0.002958156,-0.003113828,-0.002829517,-0.002014057,0.000718666,-0.000410429,0.000181505,-0.000554961,-0.00107277,-0.000716842,1.004029954
1.029642398,-0.011858568,-0.003110393,-0.002422779,-0.003044434,-0.00263103,-0.000550415,-0.002037321,-0.000869223,0.000264926,-1.92E-05,0.000551917,1.003907279
1.029480758,-0.011821958,-0.003240911,-0.001677886,-0.00306183,-0.002544547,-0.001539225,-0.002280851,-0.000911599,0.000531196,0.001053373,-0.000354214,1.003907279
1.029312663,-0.011786543,-0.003360543,-0.000903946,-0.002882442,-0.001839174,-0.001920314,-0.001015867,1.24E-05,-0.000233509,-0.000918312,0.000171732,1.004029954
1.029162136,-0.01172819,-0.003443934,-8.75E-05,-0.002477041,-0.000701275,-0.001554523,0.000941341,0.000906529,-0.000456647,-0.000159583,-3.32E-05,1.010343966
1.029014166,-0.011662305,-0.003507676,0.000738144,-0.001884872,0.000521415,-0.00065874,0.002229258,0.000747173,0.000149654,0.00091182,-7.92E-05,1.016890234
1.02885333,-0.011604783,-0.003569228,0.001537989,-0.001161358,0.001474028,0.000374004,0.00195661,-0.00027243,0.000358022,-0.000589935,0.000177395,1.017692402
1.028684568,-0.011550849,-0.003623966,0.002302208,-0.000343214,0.00192908,0.001190551,0.000369516,-0.000918402,-4.84E-05,-0.000251455,-0.000242701,1.017692402
1.028511103,-0.011497294,-0.00366815,0.003022102,0.000527501,0.001813209,0.001564041,-0.001388033,-0.000437542,-0.00020689,0.000653492,0.000289464,1.018585918
1.028354534,-0.011422393,-0.003678965,0.003709818,0.001424061,0.001234248,0.00145447,-0.002088946,0.0005653,1.82E-05,-0.000293891,-0.000333645,1.019024819
1.028197609,-0.01134374,-0.003675158,0.004332688,0.00226324,0.000358546,0.000888302,-0.00137523,0.000784759,-2.79E-05,-0.000338653,0.000353598,1.020417099
1.028039151,-0.011262784,-0.003659085,0.004875941,0.002979757,-0.000559214,3.57E-05,0.000167203,-1.19E-05,-6.11E-05,0.000503459,-0.000339963,1.020772698
1.027879278,-0.011179595,-0.003631415,0.005328529,0.003517363,-0.001258439,-0.000843741,0.001470809,-0.000741713,0.000261712,-5.55E-05,0.000296414,1.020820367
1.027723498,-0.011088852,-0.003587425,0.005686442,0.003835295,-0.001543231,-0.001470831,0.00172146,-0.000461296,0.000182876,-0.000422825,-0.000235021,1.020820367
1.027553806,-0.011008945,-0.003547009,0.005921358,0.0038783,-0.001370235,-0.001662574,0.000825694,0.000389269,-0.00049079,0.000328429,0.000166024,1.020834712
1.02738595,-0.010924176,-0.003494402,0.006045588,0.003652277,-0.00077673,-0.001291962,-0.00049221,0.000724547,-0.000328766,0.000251177,-7.79E-05,1.020845095
1.027209669,-0.010845076,-0.00344102,0.006044821,0.003151084,4.74E-05,-0.000445883,-0.001353729,9.93E-05,0.000655402,-0.000587391,-3.90E-05,1.021030095
1.027017897,-0.01077889,-0.003394526,0.005911715,0.002394849,0.000856071,0.000627626,-0.001263288,-0.000657005,0.000558804,0.000207709,0.000208502,1.021315211
1.026831922,-0.010704173,-0.003332314,0.005674371,0.001460316,0.00144988,0.001615704,-0.000342705,-0.00048694,-0.000702451,0.000555922,-0.000419155,1.022063096
1.026634224,-0.010638644,-0.003272541,0.005319407,0.000390809,0.001631639,0.002112777,0.000685326,0.000338051,-0.000872781,-0.000828388,0.000645577,1.022063096
1.026436255,-0.010570806,-0.00320297,0.004867917,-0.000723819,0.00135465,0.001883145,0.001157681,0.000725568,0.000710276,0.000189276,-0.000843524,1.022063096
1.026230189,-0.010508643,-0.003131708,0.004320921,-0.001812871,0.00066961,0.000901825,0.000823146,0.000117125,0.001188212,0.000762951,0.000966951,1.021775241
1.025988305,-0.010480019,-0.003086567,0.003661846,-0.002824028,-0.00027403,-0.000568594,-1.44E-05,-0.000703202,-0.000619478,-0.000950985,-0.000941293,1.008221608
1.025772063,-0.010422575,-0.003000414,0.002978963,-0.003593817,-0.001115231,-0.001870114,-0.000592768,-0.000447105,-0.001337875,0.000203257,0.000777779,1.007032831
1.025569808,-0.010347855,-0.002883672,0.002276862,-0.004070133,-0.00162884,-0.002499139,-0.000622881,0.000481454,0.000366464,0.000630238,-0.000549874,1.006770636
1.025368543,-0.010269013,-0.002749741,0.001554551,-0.004233168,-0.001695864,-0.002209411,-0.000319811,0.000671899,0.001387329,-0.000807335,0.00028544,1.006770636
1.025172339,-0.010181969,-0.00259417,0.000829788,-0.00406679,-0.00129363,-0.001064076,-3.85E-05,-0.000191084,-8.64E-05,0.000282328,-1.44E-05,1.006770636
1.024981908,-0.010086015,-0.002416006,0.00011623,-0.003584012,-0.000528654,0.000538167,4.34E-05,-0.000876131,-0.001386605,0.000403293,-0.000235868,1.006097279
1.024816319,-0.009962065,-0.002195972,-0.000554971,-0.002804374,0.000411486,0.002015067,5.24E-05,-0.000300646,-0.000194507,-0.000700408,0.00041626,1.01123591
1.024646452,-0.00983988,-0.001966771,-0.001211085,-0.001835359,0.001212216,0.00270943,0.000100027,0.000756838,0.001219893,0.000330684,-0.000542792,1.016023448
1.024457119,-0.009735179,-0.001746648,-0.001864583,-0.000780906,0.001618548,0.002285337,0.0002385,0.000816545,0.000441263,0.000367215,0.000638247,1.017310651
1.024248235,-0.009648169,-0.001536492,-0.002507166,0.000277607,0.001525129,0.000911858,0.000397408,-0.000238191,-0.000932674,-0.000653762,-0.000671611,1.01123591
1.024034946,-0.009563472,-0.001319952,-0.00311027,0.001286615,0.00100104,-0.000806695,0.000411555,-0.000973145,-0.000538194,0.000317639,0.00066692,1.01123591
1.023827163,-0.009470982,-0.001086161,-0.003651519,0.002192497,0.000225922,-0.002140793,0.000122345,-0.000379512,0.000639308,0.000270604,-0.000643118,1.010069254
1.023615376,-0.009380285,-0.000845176,-0.004132352,0.002924618,-0.000587582,-0.002573163,-0.000440016,0.0007343,0.000516124,-0.000590914,0.000605472,1.009793617
1.023403279,-0.009287699,-0.000593536,-0.004541005,0.003440799,-0.001205391,-0.001950797,-0.000909197,0.00087771,-0.000355691,0.000397508,-0.000556612,1.009135541
1.023179796,-0.00920437,-0.000342889,-0.00488211,0.003699445,-0.001466612,-0.00056815,-0.000849997,-0.000179602,-0.00041622,0.000135703,0.000511455,1.009135541
1.022973429,-0.009101465,-6.32E-05,-0.005116547,0.003726799,-0.001254806,0.001043843,-6.08E-05,-0.000989935,0.000179705,-0.00050986,-0.000461667,1.009793617
1.022782097,-0.008981217,0.000242163,-0.005244091,0.003521332,-0.000641729,0.002203825,0.000991126,-0.000513605,0.000189125,0.000335979,0.000352277,1.016094352
1.022568552,-0.008881471,0.000532067,-0.005307505,0.003050092,0.00013153,0.00236703,0.001438722,0.000557817,-0.00015915,0.000121458,-0.000168495,1.016094352
1.022351676,-0.008783308,0.000824937,-0.005285761,0.002370962,0.000865758,0.001526744,0.000873858,0.000946805,0.000143269,-0.000286725,-5.43E-05,1.016094352
1.022118668,-0.008699586,0.001106981,-0.005191561,0.001523175,0.001340847,7.18E-05,-0.000425453,0.000191441,0.000246517,7.68E-05,0.000303374,1.012599837
1.021886873,-0.008612625,0.001396707,-0.005003034,0.000597537,0.001455854,-0.001309424,-0.001524813,-0.000722345,-0.000382134,0.000180047,-0.000527551,1.006849932
1.021675127,-0.008503268,0.00171396,-0.004698508,-0.000310608,0.001204699,-0.002002383,-0.001562743,-0.000701773,-0.000421466,-0.0001435,0.000675533,1.006849932
1.021469773,-0.008385343,0.002043203,-0.004297683,-0.001155886,0.000618807,-0.001800087,-0.000485743,6.82E-05,0.000489701,-0.000185906,-0.000750936,1.007340925
1.021270875,-0.008259009,0.002382189,-0.003809275,-0.001888651,-0.000172168,-0.0008879,0.000966532,0.000606015,0.000629952,0.000322815,0.000734707,1.012599837
1.021052103,-0.008150986,0.002701266,-0.003272143,-0.002499414,-0.001010138,0.000237384,0.001734633,0.00035207,-0.00056802,3.96E-06,-0.00061519,1.009706976
1.020841866,-0.008032607,0.003029082,-0.002662578,-0.002916723,-0.001627773,0.001144869,0.001339914,-0.000124556,-0.00077744,-0.000357997,0.000434786,1.009706976
1.020649496,-0.007894502,0.003373922,-0.00198028,-0.003108164,-0.001833835,0.001513829,5.01E-05,-0.000255501,0.000576886,0.000210538,-0.000256589,1.011387568
1.020449804,-0.007762324,0.003706696,-0.001267673,-0.003105016,-0.00159491,0.001210881,-0.001339498,-0.000193621,0.00086628,0.00023045,9.67E-05,1.011387568
1.02024513,-0.007633893,0.004027476,-0.000536325,-0.002916021,-0.000945687,0.000441816,-0.001873923,-0.00014247,-0.000524578,-0.000333682,4.87E-05,1.009706976
1.020049041,-0.007495602,0.004348672,0.000215756,-0.002544362,-4.24E-06,-0.00038708,-0.001115005,2.01E-05,-0.000928611,-4.37E-05,-0.000165393,1.011387568
1.019867821,-0.007341334,0.004674194,0.000979824,-0.002016891,0.001011689,-0.00091815,0.000456231,0.00031941,0.000428691,0.000361996,0.000214055,1.018596062
1.019670794,-0.007202402,0.004968394,0.001703636,-0.001417377,0.001796488,-0.001036736,0.001700253,0.000355137,0.000908383,-0.000223865,-0.000198031,1.021414474
1.019458987,-0.007077989,0.00522973,0.002373169,-0.000787736,0.002146722,-0.000756791,0.001773474,-2.81E-05,-0.000280735,-0.000143639,0.000164588,1.021933345
1.019249707,-0.006950702,0.005474721,0.002996044,-0.000143032,0.001993332,-0.000208187,0.000680499,-0.000441963,-0.000808668,0.00033438,-0.000124634,1.022397264
1.019029992,-0.006833683,0.005688316,0.0035474,0.000468019,0.00134641,0.000347376,-0.000849157,-0.000424852,0.000140708,-0.000174925,8.99E-05,1.022397264
1.018810012,-0.006716703,0.005880046,0.004030203,0.001031125,0.000369655,0.000715582,-0.001766948,0.000127029,0.00072922,-0.000103316,-5.14E-05,1.022825317
1.018597114,-0.006592378,0.006056633,0.004445705,0.001533393,-0.000696358,0.000795494,-0.001466034,0.000646186,-3.05E-05,0.000216387,4.61E-06,1.023446199
1.018387452,-0.006464726,0.006212519,0.004782283,0.001949011,-0.001610005,0.000578275,-0.000207266,0.000433453,-0.000668101,-0.000147752,3.25E-05,1.023446199
1.018171231,-0.006343792,0.006335863,0.005022692,0.002248793,-0.002172272,0.00015355,0.00111264,-0.000396119,-7.23E-05,1.09E-05,-5.03E-05,1.024072121
1.017956162,-0.006221867,0.006433777,0.005172112,0.002433084,-0.002233758,-0.000287003,0.001643795,-0.000838955,0.000628587,0.000134166,5.97E-05,1.024334313
1.017756177,-0.006085003,0.006519797,0.005243696,0.002513449,-0.001754231,-0.000560213,0.001098757,-0.0002502,0.000163771,-0.000226381,-7.88E-05,1.02453203
1.017552971,-0.00595192,0.00657291,0.005213815,0.002461127,-0.000873771,-0.000629309,-0.000170741,0.000678448,-0.000648923,0.000101598,8.82E-05,1.024587122
1.017340964,-0.005828519,0.006585485,0.005074644,0.002267989,0.00019168,-0.000513656,-0.001319209,0.000818101,-0.000251419,0.000208675,-6.74E-05,1.024711786
1.017121714,-0.005713408,0.006558121,0.004829888,0.001944462,0.001201424,-0.000259251,-0.001564883,-1.60E-05,0.000688921,-0.000362039,2.33E-05,1.024711786
1.016892865,-0.005609061,0.006488,0.004482293,0.001505582,0.001929408,6.36E-05,-0.00073831,-0.000839478,0.000374986,0.00013647,5.53E-05,1.024765377
1.016662106,-0.005507778,0.006383319,0.004048614,0.000986236,0.002231524,0.000391589,0.000617462,-0.000644736,-0.000678247,0.000321589,-0.00015633,1.024857315
1.016424695,-0.005414371,0.006239611,0.003533904,0.000411105,0.002043339,0.000632076,0.001567355,0.000330601,-0.000512465,-0.00052602,0.000272987,1.024857315
1.016192473,-0.00531694,0.006069873,0.002962959,-0.000172862,0.001429657,0.000720174,0.001466192,0.000928995,0.000664385,0.000186567,-0.000388705,1.024765377
1.015954205,-0.005226963,0.005862548,0.002334546,-0.000749509,0.000509212,0.000569999,0.000331156,0.000377589,0.000615207,0.000388006,0.000468998,1.022440449
1.01568866,-0.005165903,0.005596356,0.001638781,-0.001312014,-0.000540832,0.000163662,-0.001094604,-0.000673526,-0.000625114,-0.000581305,-0.000460619,1.01207538
1.015433108,-0.005096046,0.005312522,0.000934643,-0.00177723,-0.001424605,-0.000306493,-0.001719373,-0.000806225,-0.00060486,0.000251507,0.000373649,1.010942915
1.015169963,-0.00503504,0.004994801,0.000219667,-0.00213504,-0.001965796,-0.000700028,-0.001114974,8.82E-05,0.000533466,0.000236172,-0.000237861,1.010178138
1.014900372,-0.004981676,0.004646558,-0.000488292,-0.002359918,-0.002046419,-0.000861828,0.000295759,0.000843568,0.000605978,-0.000444996,9.37E-05,1.010178138
1.01463126,-0.00492885,0.004277726,-0.001164534,-0.002425638,-0.001644802,-0.000694264,0.001524982,0.000519766,-0.000432378,0.000289333,3.65E-05,1.010178138
1.014358121,-0.004880973,0.003886503,-0.001797872,-0.002329573,-0.000866122,-0.000238158,0.001681071,-0.000462747,-0.000599213,3.99E-05,-0.000128591,1.008226561
1.014097512,-0.004821242,0.003493028,-0.002355687,-0.002055699,0.000123877,0.000372355,0.000654046,-0.000826528,0.000368328,-0.000294414,0.000163102,1.009128074
1.013832374,-0.004766835,0.003081859,-0.002845971,-0.001643449,0.001060687,0.000863383,-0.000890159,-0.000169882,0.000528616,0.000291087,-0.000149294,1.009128074
1.013570435,-0.004709931,0.002663519,-0.003251298,-0.001112314,0.001729166,0.001029128,-0.001848974,0.000685226,-0.000307451,-4.26E-05,0.000106047,1.008226561
1.013316889,-0.004645296,0.002245754,-0.003559775,-0.000494105,0.001976382,0.000779325,-0.001510097,0.000677926,-0.000460019,-0.000252117,-6.04E-05,1.008226561
1.013057512,-0.004587386,0.001815379,-0.003785097,0.000146684,0.001720499,0.000156801,-0.000109937,-0.000213297,0.000234274,0.000304364,1.75E-05,1.009128074
1.012785136,-0.004543481,0.001367027,-0.003934173,0.000755157,0.001018507,-0.000604486,0.001388121,-0.000845327,0.000404929,-3.10E-05,3.52E-05,1.00776031
1.012514391,-0.004498731,0.000918994,-0.003989465,0.001310026,7.64E-05,-0.001140422,0.001985101,-0.000336522,-0.000128835,-0.000248606,-7.55E-05,1.006201473
1.012247715,-0.004450593,0.000476759,-0.003949229,0.00177915,-0.0008595,-0.001186309,0.0012472,0.000661123,-0.00034258,0.000224728,8.00E-05,1.006201473
1.011975782,-0.004408415,3.33E-05,-0.003827436,0.002121059,-0.001566427,-0.000706413,-0.000382854,0.0007882,2.55E-05,3.01E-05,-3.82E-05,1.003754312
1.011711651,-0.004358942,-0.000395058,-0.003614661,0.00233061,-0.001850377,0.000135136,-0.001791099,-0.000145279,0.000289116,-0.000180299,-4.54E-05,1.00198799
1.011453325,-0.004304165,-0.00080793,-0.00332111,0.002391046,-0.001650935,0.000968813,-0.002016838,-0.000955346,2.65E-05,4.88E-05,0.000145732,1.00198799
1.011194311,-0.004250711,-0.001210458,-0.002964995,0.00228715,-0.001041658,0.001394373,-0.000894565,-0.000566182,-0.00024842,0.000124474,-0.000252335,1.003754312
1.010928415,-0.004204909,-0.001607546,-0.002565397,0.002015164,-0.000196528,0.001183355,0.000841874,0.000598511,-6.52E-05,-6.52E-05,0.000354327,1.007606217
1.010651314,-0.004171089,-0.002001541,-0.002138206,0.001589085,0.000665738,0.000407945,0.002053581,0.001094558,0.000228509,-0.000117684,-0.000416093,1.007606217
1.010377573,-0.004134461,-0.002374699,-0.001677481,0.001058988,0.001356932,-0.000562148,0.001960791,0.000261389,0.000139481,0.000162749,0.000426179,1.007606217
1.010088301,-0.004113903,-0.002743957,-0.001213548,0.000444179,0.001692818,-0.001304659,0.000567234,-0.000984033,-0.000218127,2.06E-05,-0.000369899,1.001412106
1.009812158,-0.004080224,-0.003076015,-0.00072223,-0.000170297,0.001646961,-0.001416171,-0.001184625,-0.00103455,-0.000134893,-0.000159216,0.000266517,0.999401651
1.009550816,-0.004031494,-0.003366298,-0.000210394,-0.000735187,0.001241134,-0.00083441,-0.002173675,0.000218271,0.000166439,1.09E-05,-0.000160106,0.999401651
1.009301423,-0.003970539,-0.003616327,0.000306874,-0.001218368,0.000559129,0.000147771,-0.001797191,0.001207885,6.82E-05,0.000182867,5.09E-05,1.001023414
1.009060175,-0.003901248,-0.003829456,0.000811882,-0.001599799,-0.000261166,0.00103721,-0.00031626,0.000665537,-0.000166466,-0.000126094,3.57E-05,1.001412106
1.008820805,-0.003830064,-0.004012199,0.001283751,-0.001872531,-0.001055327,0.001382299,0.001327942,-0.000758554,-2.19E-05,-0.00017352,-9.37E-05,1.001023414
1.008582414,-0.003757994,-0.004165507,0.001708922,-0.002029968,-0.00165002,0.001013772,0.002129599,-0.001248732,0.000197348,0.000344679,0.000123332,1.001023414
1.008349961,-0.003680151,-0.004284483,0.002081486,-0.002065884,-0.00190213,0.000124372,0.001620019,-0.000132179,-1.06E-05,-9.51E-05,-0.000131929,1.000252407
1.008108924,-0.003611272,-0.004384666,0.00237583,-0.00200337,-0.001763477,-0.000858935,0.000100868,0.00118503,-0.000267298,-0.000377555,0.000126796,0.998238052
1.007879266,-0.003531273,-0.004445454,0.002607282,-0.001826979,-0.001218795,-0.001401534,-0.001451746,0.001060369,7.02E-05,0.000547959,-0.000103962,0.998238052
1.007649079,-0.003452255,-0.004480053,0.002756981,-0.001566099,-0.000389515,-0.001234235,-0.002114481,-0.00044866,0.000313196,-0.000148858,4.43E-05,0.997135954
1.007416577,-0.003376115,-0.004491262,0.002819491,-0.001240733,0.000550038,-0.000423417,-0.001487567,-0.001480024,-0.000104309,-0.000487638,6.81E-05,0.997135954
1.007201552,-0.003283016,-0.004459587,0.002815372,-0.000846826,0.001423293,0.00066976,8.47E-05,-0.000645223,-0.000353015,0.000711417,-0.000240739,1.003475822
1.006976727,-0.00320075,-0.00441585,0.002712729,-0.000443465,0.001987501,0.001445718,0.001579492,0.001012561,3.93E-05,-0.00027484,0.000437748,1.008191708
1.006740762,-0.003130904,-0.004363527,0.002511972,-5.43E-05,0.002104062,0.001494012,0.002085671,0.00145453,0.000429934,-0.000426477,-0.000599211,1.008191708
1.006500878,-0.003066336,-0.004296614,0.002227354,0.000314747,0.001752118,0.000781461,0.001329656,0.000131801,8.50E-05,0.000780172,0.000694724,1.008191708
1.006237398,-0.003026864,-0.004236361,0.001848206,0.000633497,0.000989259,-0.000372069,-0.000231936,-0.00137585,-0.000476843,-0.000413748,-0.000670302,0.997875933
1.006000145,-0.002962133,-0.004130847,0.001444762,0.000962336,6.41E-05,-0.001310966,-0.0015543,-0.001122066,-0.000117022,-0.000308152,0.000519863,0.997875933
1.005756513,-0.002905073,-0.004015393,0.000994538,0.00125524,-0.000865828,-0.001617699,-0.001944216,0.000460398,0.000392732,0.000627164,-0.000293406,0.997875933
1.005511522,-0.00285074,-0.003886405,0.000517048,0.001509105,-0.001598393,-0.001128179,-0.001208442,0.001409991,0.000161992,-0.000271691,4.64E-05,0.997960809
1.005273258,-0.002791037,-0.003736801,3.68E-05,0.001725102,-0.001969297,-5.38E-05,0.000228749,0.0006315,-0.000288441,-0.000287325,0.000175657,0.999238066
1.005028671,-0.002739224,-0.003581913,-0.000445732,0.001875718,-0.001925638,0.001068601,0.001514854,-0.000892351,-0.000213603,0.00042147,-0.000343411,0.999515138
1.004791122,-0.002681884,-0.003409261,-0.00090019,0.001966008,-0.001465453,0.001710299,0.00193751,-0.001257187,0.000215359,-4.79E-05,0.000444428,1.001135377
1.004559093,-0.002620671,-0.003222401,-0.001314703,0.001980133,-0.000700259,0.00153183,0.001224784,-8.55E-05,0.000211199,-0.00034604,-0.000491088,1.001135377
1.004314403,-0.002574099,-0.003042635,-0.001697736,0.001881743,0.000170669,0.000554848,-0.000279691,0.001093251,-0.000179914,0.000258124,0.00048884,1.001135377
1.004064026,-0.002535203,-0.002864271,-0.002029227,0.001673069,0.000973538,-0.00075553,-0.00167443,0.000905736,-0.000147001,0.000232608,-0.000418591,0.997439819
1.003814091,-0.002497776,-0.002681892,-0.002290128,0.001364043,0.001560062,-0.001745782,-0.002065137,-0.000302595,0.000192642,-0.000457866,0.000290114,0.99499061
1.003570257,-0.002456161,-0.002490916,-0.002464905,0.00096801,0.001826013,-0.001903597,-0.001151224,-0.001045168,8.28E-05,4.12E-05,-0.000125446,0.99499061
1.003322486,-0.002420624,-0.00230364,-0.002559149,0.000482947,0.001708333,-0.001135146,0.000521637,-0.000544785,-0.000263662,0.000522889,-6.36E-05,0.997439819
1.003066592,-0.002395543,-0.002126262,-0.002574591,-7.88E-05,0.00123174,0.000219026,0.001915941,0.000505265,-3.73E-05,-0.000468935,0.000265431,0.999948616
1.002797356,-0.002386212,-0.001965259,-0.002514699,-0.000694051,0.000502148,0.001536397,0.002142151,0.000891497,0.000382022,-0.000215315,-0.000440918,0.999948616
1.002525763,-0.002381481,-0.001809528,-0.002366019,-0.001309858,-0.000296384,0.002217461,0.001042873,0.000300254,7.16E-05,0.000770511,0.00057644,0.999948616
1.002238653,-0.002394429,-0.001672453,-0.002142867,-0.001894778,-0.000998295,0.001903682,-0.000751163,-0.000532738,-0.000506989,-0.000461773,-0.000642383,0.991589593
1.001967287,-0.002393269,-0.00152049,-0.001811962,-0.002360722,-0.00140529,0.000746849,-0.002076507,-0.000646731,-7.88E-05,-0.000424716,0.000639342,0.99052403
1.001701861,-0.002387766,-0.001363767,-0.001390799,-0.002678958,-0.001460687,-0.000795213,-0.002129053,-0.00011089,0.0005693,0.000836363,-0.000603666,0.990463454
1.001429381,-0.002391024,-0.001216373,-0.00090511,-0.002836718,-0.00120525,-0.002087358,-0.000888243,0.0003533,8.54E-05,-0.000276229,0.000554222,0.990463454
1.001163654,-0.002389035,-0.001063775,-0.000352061,-0.002796374,-0.000706981,-0.002521918,0.000943381,0.000401259,-0.000591091,-0.00058598,-0.000486164,0.990463454
1.000914523,-0.002371907,-0.00089622,0.000262655,-0.002542043,-9.39E-05,-0.001858035,0.00225311,0.000156353,-0.000128522,0.000721418,0.000373748,0.997247783
1.000651797,-0.002370279,-0.000746724,0.000884473,-0.002125884,0.000429763,-0.000398416,0.002126251,-0.000205796,0.00053365,-5.28E-05,-0.000232105,0.998903898
1.000373178,-0.002386533,-0.000618357,0.001490662,-0.001574084,0.00074638,0.001261827,0.00060939,-0.000395203,0.000212985,-0.000553738,0.000106147,0.99943351
1.000090136,-0.002408896,-0.000498176,0.002077446,-0.000898009,0.000840735,0.002469302,-0.001298274,-0.000185321,-0.000395953,0.00049287,1.30E-05,0.999895012
0.999819223,-0.002420451,-0.000367757,0.002646994,-0.000112322,0.000767343,0.002737451,-0.002339558,0.00026841,-0.000247238,5.73E-05,-0.000129751,1.000784286
0.999547878,-0.002433744,-0.000239717,0.003167753,0.000719905,0.00057104,0.001885713,-0.001886724,0.000437526,0.000201917,-0.000482234,0.000224359,1.001646348
0.999279182,-0.002445583,-0.000110493,0.003625817,0.001546897,0.000331607,0.00020872,-0.000242368,0.000107183,0.00023548,0.000371955,-0.000283425,1.002425719
0.999020591,-0.002448349,2.81E-05,0.00401357,0.002319354,0.000125868,-0.001632843,0.001552142,-0.000360396,-9.98E-06,9.72E-05,0.000298532,1.002526293
0.998774902,-0.002439296,0.000178489,0.004317248,0.002977404,-1.63E-05,-0.002898088,0.00233797,-0.000461556,-0.000206578,-0.000451413,-0.000299727,1.002526293
0.99851165,-0.002449297,0.000307681,0.004487348,0.003424472,-0.000146316,-0.003093189,0.0015555,-0.000111398,-0.000226292,0.000308627,0.000299132,1.002559
0.998253822,-0.002455237,0.000439271,0.004538252,0.003644463,-0.000246644,-0.002032458,-0.000218498,0.000441778,0.000191427,0.000235823,-0.000278305,1.002822849
0.997987153,-0.002471549,0.000557995,0.004446733,0.003592952,-0.000352386,-8.71E-05,-0.001827813,0.000579324,0.00042426,-0.000604467,0.00022153,1.002879239
0.997705976,-0.002503974,0.000657793,0.004203563,0.003256914,-0.000470592,0.002003205,-0.002221744,6.81E-05,-9.40E-05,0.000348461,-0.000102413,1.002987203
0.997419703,-0.002542875,0.000749391,0.003822987,0.002668333,-0.000556049,0.003428215,-0.001114791,-0.000550348,-0.00054401,0.000395372,-5.78E-05,1.0031602
0.997132006,-0.002584381,0.000837741,0.003317487,0.001873169,-0.000559217,0.003580435,0.00076283,-0.000575528,-3.66E-05,-0.00083907,0.00024648,1.0031602
0.996847854,-0.002623329,0.000929055,0.002704489,0.00093477,-0.000437366,0.002320081,0.002151159,6.41E-05,0.000641717,0.000395827,-0.000442154,1.0031602
0.996566135,-0.002660866,0.001022233,0.001995706,-8.38E-05,-0.000190751,4.39E-05,0.002079072,0.000644257,0.000168183,0.000548727,0.000598378,1.002317345
0.996243037,-0.002741052,0.001072328,0.001160728,-0.001159135,9.95E-05,-0.002453701,0.000523299,0.000455587,-0.000737515,-0.000991646,-0.000650097,0.989706446
0.995947636,-0.002793807,0.001154206,0.000302118,-0.002117553,0.000503551,-0.004023764,-0.001290454,-9.11E-05,-0.000134775,0.000543719,0.000621565,0.988532087
0.995662713,-0.002836198,0.001251677,-0.00057373,-0.00290136,0.00091835,-0.003990862,-0.002163728,-0.000513964,0.000731096,0.000305648,-0.000584586,0.98521163
0.995382508,-0.002873979,0.001359017,-0.001450507,-0.003460119,0.001212887,-0.00232044,-0.001592105,-0.000517959,6.94E-05,-0.000873369,0.000564761,0.98521163
0.995113136,-0.002900943,0.001482741,-0.002298621,-0.003747044,0.00127856,0.000364453,-2.06E-05,-6.67E-05,-0.000755086,0.000736883,-0.000586289,0.988532087
0.994848726,-0.002923073,0.001616156,-0.003103568,-0.003753455,0.001027525,0.002972691,0.00145523,0.000490386,-5.08E-05,-2.40E-05,0.000642622,0.993111152
0.994586643,-0.002943156,0.001755469,-0.003848963,-0.003489591,0.000450371,0.004412651,0.001879763,0.00064261,0.00079893,-0.000753202,-0.000733108,0.993111152
0.994310332,-0.002978015,0.001882273,-0.004534883,-0.00300158,-0.00038592,0.004031283,0.001035926,0.000131448,2.90E-05,0.0009591,0.000846445,0.993111152
0.994012572,-0.003034754,0.001989593,-0.005147909,-0.00233076,-0.001294074,0.001962861,-0.000394602,-0.000576905,-0.000808167,-0.000254921,-0.000913175,0.982163083
0.993747007,-0.003058866,0.002135333,-0.005605681,-0.001451537,-0.00194618,-0.00085258,-0.00130736,-0.000620543,0.000102347,-0.000750879,0.000912122,0.98076238
0.993503226,-0.00306069,0.00230873,-0.00590435,-0.000439254,-0.002161073,-0.003301299,-0.001245824,-3.64E-05,0.000745479,0.000973351,-0.000896292,0.980676122
0.993257581,-0.003064166,0.002483563,-0.006062428,0.000596289,-0.001887247,-0.004466881,-0.000525153,0.000459195,-0.00033089,-0.000224481,0.000858133,0.980676122
0.99303105,-0.003048149,0.002680608,-0.006051579,0.001598729,-0.001123646,-0.003865552,0.0002909,0.000479026,-0.000714604,-0.000669211,-0.000776119,0.980676122
0.992838448,-0.002997972,0.002912586,-0.005858276,0.002498903,-1.65E-05,-0.001741549,0.000719848,7.03E-05,0.000518249,0.000755546,0.000576684,0.991384876
0.992617696,-0.002976776,0.003110203,-0.005562286,0.003136197,0.001077363,0.000937037,0.000539916,-0.000520917,0.00061878,-0.000167262,-0.000262704,0.992463869
0.992394256,-0.002959237,0.003296824,-0.005146117,0.003483486,0.001930071,0.003176252,0.000171076,-0.000563777,-0.000602754,-0.000260203,-9.77E-05,0.994897918
0.992167933,-0.002945749,0.003469911,-0.004621042,0.003513243,0.002343311,0.004164414,1.81E-05,9.21E-05,-0.000569897,0.000233156,0.000458325,0.998606914
0.991931842,-0.002943498,0.003619678,-0.004008741,0.003216636,0.002208917,0.003571269,9.33E-05,0.000718761,0.000706675,-0.000138743,-0.000776855,0.998606914
0.991674688,-0.00296404,0.00373224,-0.003336378,0.002610802,0.001546424,0.001664085,8.94E-05,0.000536886,0.000584976,0.000266356,0.001034147,0.998606914
0.991386688,-0.003017063,0.003797357,-0.00262561,0.001751913,0.000521901,-0.000785797,-0.000197403,-0.000271905,-0.000756617,-0.000200186,-0.001147595,0.987242706
0.991130943,-0.003038547,0.003882334,-0.001815043,0.000811102,-0.000507748,-0.002727905,-0.000495767,-0.000656869,-0.000494182,-0.00024483,0.001108144,0.986976045
0.990879482,-0.00305663,0.003957477,-0.000950812,-0.000153474,-0.001341705,-0.003546327,-0.000583093,-0.000358026,0.000688647,0.00053549,-0.00098958,0.985701575
0.990609918,-0.00309394,0.003998308,-7.59E-05,-0.001080957,-0.001839891,-0.003089805,-0.00029544,0.000178483,0.000382454,-0.000209829,0.000853751,0.985701575
0.990361338,-0.003110933,0.004045739,0.000836911,-0.001837713,-0.001857428,-0.001556756,0.000396342,0.000556728,-0.000564901,-0.000395696,-0.000716852,0.985701575
0.990127177,-0.003114303,0.004091826,0.001760255,-0.002368579,-0.001442374,0.00041685,0.001018699,0.000411115,-0.000337746,0.000501234,0.000545274,0.992119116
0.989879635,-0.003132347,0.004105344,0.00263998,-0.00267187,-0.000781488,0.002055557,0.00095527,-0.0002216,0.000408058,-3.76E-06,-0.000347004,0.993027939
0.989624734,-0.003159108,0.004091399,0.003462298,-0.00272263,-4.89E-05,0.002848234,0.000114277,-0.000658824,0.000320769,-0.000422876,0.000164761,0.993484092
0.98937712,-0.003179818,0.0040649,0.004225804,-0.002505205,0.000604965,0.002652165,-0.000953051,-0.000340401,-0.00023394,0.000294223,-1.29E-05,0.993652388
0.989137312,-0.003194108,0.00402522,0.004912484,-0.002049168,0.00104183,0.001623177,-0.001471914,0.000389179,-0.000296579,0.000132634,-0.000123968,0.994674976
0.988881992,-0.003225775,0.003946214,0.00547782,-0.00143682,0.001153986,0.000109245,-0.001015335,0.000641548,2.67E-05,-0.000339129,0.000242808,0.994833745
0.988608848,-0.003277321,0.003824529,0.005904947,-0.00073435,0.000960687,-0.001381039,0.000241402,0.00016181,0.000264565,0.000175052,-0.000310015,0.994833745
0.988324731,-0.003341801,0.003667761,0.006193302,3.07E-06,0.000583552,-0.002347095,0.00153934,-0.000423189,0.000226204,0.000169281,0.00034605,0.994833745
0.988036168,-0.003412591,0.003483461,0.006345457,0.000719458,0.000180207,-0.002480693,0.001953343,-0.000455176,-0.000143351,-0.000302358,-0.000358504,0.99457265
0.987719548,-0.003513402,0.003248196,0.006334633,0.001328216,-0.000143527,-0.001792315,0.001014304,-1.73E-05,-0.000460863,9.25E-05,0.000375314,0.99412336
0.98739837,-0.003620261,0.002989127,0.00619268,0.001815767,-0.000254397,-0.000464912,-0.000718027,0.0004343,5.52E-05,0.000303468,-0.000364306,0.993835073
0.987079241,-0.00372616,0.002716346,0.00593662,0.002161526,-0.00012364,0.001081481,-0.002083728,0.000429429,0.000680887,-0.000424264,0.000316364,0.993796145
0.986764323,-0.003828704,0.002434705,0.005578939,0.002347527,0.000171393,0.002309607,-0.002104008,-5.02E-05,8.12E-05,2.64E-05,-0.000242134,0.993752099
0.986445051,-0.003936352,0.002137668,0.005121315,0.002353867,0.000471168,0.002741006,-0.000684191,-0.000520736,-0.000894245,0.000495606,0.000146341,0.993675723
0.986128039,-0.004042236,0.001834712,0.004583932,0.00219249,0.000626159,0.0021805,0.001305227,-0.000429355,-0.00027236,-0.000501435,-3.13E-05,0.993660095
0.985813092,-0.004146335,0.001528306,0.003980612,0.001879457,0.000520108,0.000775045,0.002523448,0.000166305,0.001060678,-0.000116183,-9.99E-05,0.993615985
0.985499131,-0.004249601,0.001219542,0.003323669,0.00143781,0.000116277,-0.001010014,0.002061522,0.000601515,0.000508072,0.000684899,0.00022558,0.991461679
0.985159532,-0.004378609,0.000883589,0.002599429,0.000872479,-0.000542356,-0.002551931,0.000105245,0.000341008,-0.001187698,-0.000501174,-0.000307542,0.979694274
0.984842052,-0.004484696,0.000574773,0.001880572,0.000292561,-0.001198674,-0.003136253,-0.001949743,-0.000209043,-0.000663556,-0.000199468,0.000366561,0.975418457
0.984552113,-0.004562057,0.000302116,0.00118935,-0.000250176,-0.001634712,-0.002474781,-0.002699428,-0.000519693,0.00120749,0.00057029,-0.000468573,0.975325287
0.984261636,-0.004638982,3.77E-05,0.000504803,-0.000759097,-0.001732055,-0.000844025,-0.001694456,-0.00043132,0.000738249,-0.000344031,0.000603286,0.975325287
0.983987167,-0.004698747,-0.000199699,-0.000145736,-0.00118872,-0.001385932,0.001159739,0.000438026,5.65E-05,-0.001184576,-9.02E-05,-0.000754547,0.975325287
0.983732568,-0.004737548,-0.00040562,-0.000752549,-0.001520045,-0.000627714,0.002745377,0.002285366,0.000558687,-0.000875824,0.00023574,0.000865823,0.981773245
0.983474208,-0.004779517,-0.000605633,-0.001341034,-0.001780476,0.000349778,0.003213632,0.002556712,0.000504814,0.001069859,-0.000180813,-0.000932078,0.981773245
0.983198097,-0.004839079,-0.000815422,-0.00192675,-0.001988807,0.001299269,0.00233131,0.001059371,-0.000131306,0.001007478,0.000177203,0.000949071,0.981773245
0.982882466,-0.004938136,-0.001056716,-0.002528399,-0.002161196,0.00197849,0.000450912,-0.001147396,-0.000660687,-0.000880428,-8.90E-05,-0.000846883,0.970061296
0.982586579,-0.005016559,-0.001264706,-0.003069672,-0.002204252,0.002323043,-0.001512168,-0.002380846,-0.000301027,-0.00093736,-9.30E-05,0.000645475,0.969096938
0.982285739,-0.005099017,-0.001463198,-0.00356983,-0.002134124,0.002206314,-0.002773434,-0.001883818,0.000419703,0.000613801,0.000185901,-0.0004061,0.968816014
0.981970194,-0.005195159,-0.001660759,-0.004032701,-0.001955289,0.001609565,-0.002852729,-0.000136326,0.000556655,0.000817965,-8.41E-05,0.000191602,0.968816014
0.981667797,-0.005276586,-0.00182596,-0.004418761,-0.001628527,0.000674474,-0.001710923,0.001621604,3.38E-05,-0.000326314,-4.51E-05,-2.40E-05,0.968816014
0.981363243,-0.005358528,-0.001973254,-0.004738818,-0.001179464,-0.000447467,0.000102176,0.002129776,-0.000516855,-0.00069825,1.13E-05,-0.000105584,0.968816014
0.981055402,-0.005441938,-0.002102482,-0.0049889,-0.000626282,-0.001537267,0.001793401,0.00110139,-0.000423362,0.000107699,9.57E-05,0.000214117,0.968816014
0.980757817,-0.005512942,-0.00219812,-0.005149168,2.21E-05,-0.002347961,0.002675794,-0.000619437,0.000211031,0.000549655,-2.48E-05,-0.000312025,0.968274112
0.980459878,-0.005582065,-0.002270332,-0.005228379,0.000716806,-0.002714284,0.002389246,-0.001795937,0.000555133,1.83E-05,-0.000238206,0.000395818,0.96623143
0.980172499,-0.00563816,-0.002307195,-0.005213128,0.001426234,-0.002527193,0.001109252,-0.00162315,0.00019038,-0.000358479,0.000333577,-0.000470533,0.965341501
0.97988496,-0.005691873,-0.002319567,-0.005115231,0.002087677,-0.001817403,-0.000605326,-0.000335314,-0.000435043,-0.000113128,-1.50E-05,0.00053043,0.965341501
0.979618496,-0.005721657,-0.002285315,-0.004912845,0.002674505,-0.000684329,-0.001987049,0.001105364,-0.000488249,0.000172847,-0.000451054,-0.000578087,0.96623143
0.979364242,-0.005736488,-0.002215039,-0.004621668,0.003119648,0.000625983,-0.002496947,0.001622455,4.77E-05,7.32E-05,0.000432718,0.000571384,0.970956056
0.979104805,-0.005754083,-0.002129245,-0.00427005,0.003348831,0.001804122,-0.002001209,0.000860303,0.000445433,-4.48E-05,0.000139895,-0.000502754,0.970956056
0.97884936,-0.005765299,-0.002020445,-0.003856525,0.003335915,0.002605906,-0.000730045,-0.000499401,0.000284881,5.40E-05,-0.000611465,0.000385477,0.971840073
0.978596624,-0.005771594,-0.001892493,-0.003392331,0.003058889,0.002849586,0.000770651,-0.001378086,-0.000176125,-5.95E-05,0.000366802,-0.000245003,0.973354167
0.978327326,-0.005792583,-0.001768247,-0.00290899,0.00249519,0.002449423,0.001867131,-0.001147505,-0.000391478,-0.000238567,0.000365837,0.000106954,0.973354167
0.978052955,-0.005816743,-0.001637744,-0.002401628,0.001687732,0.00151208,0.002182754,4.91E-06,-8.50E-05,0.000171341,-0.00067568,3.93E-05,0.973354167
0.977769374,-0.005848222,-0.001506912,-0.001881001,0.000685952,0.000247638,0.001655424,0.001155939,0.000327848,0.000469102,0.000149876,-0.00018443,0.973354167
0.977472687,-0.005890841,-0.001380959,-0.001355843,-0.000438462,-0.001057059,0.00055494,0.001393259,0.000315096,-0.000190334,0.000637654,0.000340547,0.970488668
0.977176929,-0.005930165,-0.001245393,-0.000812114,-0.001573619,-0.00207647,-0.000621059,0.000559102,-5.54E-05,-0.000661527,-0.000670207,-0.000480163,0.962891661
0.976903285,-0.005944599,-0.001078576,-0.000228695,-0.00259642,-0.00255207,-0.001402813,-0.00068399,-0.000306987,0.000151211,-0.000188847,0.000570497,0.962487292
0.976637511,-0.005948545,-0.000897578,0.000371492,-0.003440837,-0.002423772,-0.001610784,-0.001453942,-0.000255784,0.000763227,0.000849449,-0.000640284,0.962433845
0.976354619,-0.00596732,-0.000731204,0.000951981,-0.004067888,-0.001792046,-0.001321316,-0.001220316,-3.29E-05,-0.000113004,-0.000460093,0.000700037,0.962433845
0.976072299,-0.005982947,-0.000562177,0.001527353,-0.004395014,-0.000794255,-0.000668768,-6.00E-05,0.000276575,-0.000774216,-0.000470791,-0.000708821,0.962433845
0.975817585,-0.005968059,-0.00036361,0.002121837,-0.004351631,0.000367717,0.000150099,0.001262274,0.000436521,7.86E-05,0.000802544,0.000623442,0.971545027
0.975552486,-0.005961077,-0.000177919,0.002683453,-0.003980702,0.001361976,0.000810638,0.001671581,5.32E-05,0.00066826,-0.000243822,-0.000466206,0.971810053
0.975288679,-0.00595029,4.75E-06,0.003215988,-0.003290045,0.001978692,0.001164659,0.000825954,-0.000518065,-1.23E-05,-0.000461461,0.000280494,0.972292578
0.975036579,-0.005925156,0.000193509,0.003723019,-0.002312237,0.002110734,0.00118194,-0.000675395,-0.000544174,-0.000548143,0.000544685,-0.000101212,0.972292578
0.974796522,-0.00588544,0.00038614,0.004194617,-0.00112021,0.00174773,0.000883955,-0.00175348,0.000104473,-5.81E-05,-8.34E-05,-7.19E-05,0.973076665
0.974560103,-0.005839863,0.000570474,0.004608893,0.000179582,0.000975791,0.000324701,-0.001622067,0.000685749,0.00037716,-0.000347425,0.000206714,0.974990628
0.974311068,-0.005805089,0.000726076,0.004935377,0.001460732,-3.53E-05,-0.000391351,-0.00034474,0.000453521,5.47E-05,0.000313712,-0.000284219,0.975706775
0.974052759,-0.005777867,0.000854033,0.005168783,0.002625664,-0.001024559,-0.001046985,0.001249319,-0.000323613,-0.000163995,7.68E-05,0.000323831,0.975955037
0.973790636,-0.005752721,0.000958373,0.005309082,0.003590951,-0.001731444,-0.001396177,0.002072089,-0.00070399,4.11E-05,-0.000287091,-0.000327416,0.976140701
0.973514172,-0.00574022,0.001027058,0.005341271,0.004271585,-0.00198662,-0.001280701,0.001492966,-0.000239633,-1.41E-05,8.40E-05,0.00031624,0.976421349
0.973244877,-0.005718554,0.00108222,0.005288863,0.004644942,-0.00169045,-0.000636446,-0.000115461,0.000562881,-0.000138193,0.000263577,-0.000286444,0.976483434
0.972979691,-0.005690762,0.001120061,0.005148478,0.004679609,-0.0009253,0.000343907,-0.001711779,0.000689811,0.000118687,-0.000307496,0.000221611,0.976699638
0.972709943,-0.005665673,0.001130372,0.004910142,0.00435886,8.82E-05,0.001280587,-0.002236824,-8.64E-05,0.000246043,-8.24E-05,-0.000128591,0.976905078
0.97242934,-0.005649678,0.001105862,0.004568843,0.003696844,0.001070315,0.001776635,-0.001286465,-0.000810544,-0.000176109,0.000479509,2.89E-05,0.97733953
0.972140753,-0.005639837,0.001049595,0.004133073,0.002747677,0.001768402,0.00159981,0.00059593,-0.000501341,-0.000347516,-0.000316757,8.03E-05,0.977509912
0.97184875,-0.005631431,0.000967042,0.003616105,0.001591737,0.002009832,0.000779646,0.0022057,0.000529076,0.000226191,-0.000299294,-0.000180076,0.977509912
0.971552496,-0.005625261,0.000857841,0.003025895,0.000316826,0.00172796,-0.000405992,0.002419004,0.000951139,0.000461912,0.000646278,0.000247879,0.977509912
0.971218597,-0.005654838,0.000688562,0.002337813,-0.001015154,0.000954858,-0.001541746,0.000959924,0.000112272,-0.000255228,-0.000227131,-0.000239277,0.966996021
0.970889879,-0.005676463,0.000507737,0.001618724,-0.002236301,-2.80E-05,-0.002051472,-0.001145814,-0.000828219,-0.000432547,-0.000409543,0.000201814,0.959830964
0.970584425,-0.005671383,0.000338192,0.000908585,-0.003218537,-0.000924763,-0.001645946,-0.002470868,-0.000660609,0.000271748,0.000490388,-0.000188657,0.957578297
0.970286653,-0.005655106,0.000165813,0.00020488,-0.003905007,-0.001536553,-0.000513486,-0.002201322,0.000267578,0.000315988,-6.21E-05,0.000182913,0.957578297
0.969993131,-0.005630968,-1.13E-05,-0.000483375,-0.004252967,-0.001734874,0.000845232,-0.000541718,0.000735,-0.000339405,-0.000313547,-0.000185392,0.957578297
0.969712669,-0.00559,-0.000182231,-0.001134996,-0.004235101,-0.001486316,0.001840838,0.001442902,0.000242245,-0.000228908,0.000248765,0.000183656,0.960952103
0.969433687,-0.005543874,-0.000358143,-0.00175375,-0.003881267,-0.000901633,0.002003943,0.00245753,-0.000510466,0.000400427,2.27E-05,-0.000189637,0.960952103
0.969155551,-0.005493292,-0.000538899,-0.002333168,-0.003236774,-0.000157346,0.001248584,0.001866263,-0.000543008,0.000167255,-0.000117602,0.000200342,0.960952103
0.96885974,-0.005456887,-0.000742464,-0.002885927,-0.002386975,0.000525805,-0.000109478,6.51E-05,0.000124981,-0.000497898,6.33E-06,-0.000197615,0.956864915
0.96857234,-0.005408163,-0.000939257,-0.003373672,-0.001373377,0.001027019,-0.001396224,-0.001690583,0.000659497,-5.97E-05,0.000106113,0.00019856,0.956370365
0.968287664,-0.005352674,-0.001132976,-0.003794646,-0.000286441,0.001238958,-0.002021394,-0.002285183,0.000321277,0.0006022,-5.01E-05,-0.000228241,0.955331587
0.968001693,-0.005294341,-0.001325867,-0.004147223,0.000780664,0.001131776,-0.0017053,-0.001403944,-0.000493031,-1.98E-05,-0.00011848,0.000297333,0.955331587
0.967732171,-0.00521513,-0.00149739,-0.004406823,0.001765238,0.000785015,-0.000571861,0.00035059,-0.000678313,-0.000719859,0.000183699,-0.000405833,0.956864915
0.967473853,-0.005120413,-0.001652347,-0.004579156,0.002579635,0.000288161,0.000821512,0.001784213,8.67E-06,-9.48E-06,-8.44E-05,0.00050387,0.962750994
0.967198179,-0.005039175,-0.001820526,-0.004698561,0.003121765,-0.000275934,0.001761375,0.001937368,0.000652528,0.000802773,-0.000136362,-0.00056176,0.962750994
0.96692003,-0.00495647,-0.001985563,-0.004749924,0.003370399,-0.000745841,0.001839261,0.000843987,0.000508901,0.000148126,0.00034108,0.000586699,0.962750994
0.966628756,-0.004882933,-0.002156848,-0.004744664,0.003305111,-0.001012131,0.001038824,-0.000681073,-0.000226139,-0.000860807,-0.000256102,-0.000559957,0.954960705
0.966351717,-0.004790831,-0.002303819,-0.004651956,0.002979543,-0.000967203,-0.000186967,-0.001570116,-0.000609077,-0.00025235,-0.000116605,0.000484106,0.954535928
0.96607411,-0.004695037,-0.002440596,-0.004490092,0.002415812,-0.000650018,-0.001274042,-0.001377039,-0.000284348,0.000838099,0.000397724,-0.000389652,0.954195434
0.965793003,-0.004598485,-0.002569168,-0.004265508,0.001668149,-0.000158812,-0.00172825,-0.000389057,0.000292256,0.000363342,-0.000270747,0.000302456,0.954195434
0.965521813,-0.004487566,-0.002674186,-0.003966389,0.000825711,0.000387266,-0.001336173,0.000693647,0.00049754,-0.000770601,-0.000136322,-0.000234231,0.954195434
0.965254188,-0.004368701,-0.002761588,-0.003605018,-4.30E-05,0.000822572,-0.000324602,0.001187709,0.000136621,-0.00050488,0.000367134,0.000172064,0.956405653
0.964987362,-0.004244738,-0.002833929,-0.003191083,-0.00086698,0.001013777,0.000796147,0.000892012,-0.000343645,0.00067311,-0.000193272,-0.000110719,0.956405653
0.964722119,-0.004114956,-0.002890187,-0.002730955,-0.001577501,0.000899259,0.001485463,0.000133636,-0.000402404,0.00062909,-0.00016984,4.14E-05,0.956405653
0.964449627,-0.003988268,-0.002939149,-0.002241218,-0.002127589,0.000493263,0.001416083,-0.00055456,-2.18E-05,-0.0005568,0.000323938,4.95E-05,0.953823615
0.964188266,-0.003846088,-0.002960906,-0.001707666,-0.002451746,-6.76E-05,0.000676909,-0.000757139,0.000383431,-0.000690137,-9.15E-05,-0.000161687,0.952599339
0.963929802,-0.003696699,-0.002963696,-0.001146657,-0.002538563,-0.000639217,-0.000370054,-0.00050732,0.000325756,0.000391344,-0.000285817,0.000275376,0.952408322
0.963681678,-0.003532636,-0.002939836,-0.000558481,-0.002381536,-0.001053138,-0.001208862,-8.85E-05,-0.000113797,0.000719273,0.000356168,-0.000383809,0.952334094
0.963441863,-0.003356059,-0.00289206,4.46E-05,-0.00200934,-0.001195877,-0.001453313,0.000201831,-0.000432647,-0.000256212,-2.65E-05,0.000459655,0.952408322
0.963206861,-0.003170673,-0.002825171,0.000647434,-0.001473257,-0.001028798,-0.001013026,0.00027333,-0.000270815,-0.000744006,-0.000373039,-0.000497878,0.952408322
0.962981426,-0.002971947,-0.002735916,0.001242643,-0.000830355,-0.000585755,-0.000112535,0.000242864,0.000197062,0.000112075,0.000379003,0.000478683,0.958795104
0.962742334,-0.00278362,-0.002650708,0.001791341,-0.000180115,-1.16E-05,0.000773187,0.000191126,0.000401659,0.000692323,1.68E-05,-0.000405539,0.960894255
0.962492039,-0.002603408,-0.002568361,0.002286044,0.000415161,0.000559631,0.001247203,0.000162571,0.000175786,6.94E-05,-0.000344605,0.000316142,0.962227492
0.962237124,-0.002424703,-0.002482477,0.002727317,0.000911146,0.001009251,0.001140443,0.000101552,-0.00016206,-0.000564076,0.000298974,-0.000217695,0.962887904
0.961974365,-0.002250725,-0.002396507,0.00310703,0.001266108,0.001236344,0.00054475,-8.50E-05,-0.000275646,-0.000206887,3.12E-05,0.000131188,0.962887904
0.961714978,-0.002070082,-0.002298486,0.003434981,0.001472526,0.001210709,-0.000214371,-0.00033784,-0.000102476,0.000436652,-0.000261892,-5.99E-05,0.962887904
0.96146021,-0.001881456,-0.002186987,0.003710469,0.001525552,0.000939808,-0.000785374,-0.000481473,0.000111394,0.000292657,0.000173002,4.90E-07,0.962536435
0.961215527,-0.001679364,-0.002056701,0.003936821,0.001437419,0.000481216,-0.000938463,-0.000334136,0.000159445,-0.000304361,5.58E-05,3.59E-05,0.96189577
0.960975147,-0.001469781,-0.001914801,0.004103643,0.001216204,-9.13E-05,-0.00068139,8.38E-05,3.66E-05,-0.000381561,-0.000181865,-6.81E-05,0.96189577
0.960725587,-0.001266463,-0.001776628,0.00419244,0.000871993,-0.000688512,-0.000213369,0.000523046,-9.72E-05,0.000133974,0.000102053,0.000106892,0.962536435
0.960478098,-0.001058114,-0.001631062,0.00421467,0.000458051,-0.001168883,0.000250156,0.000709277,-6.02E-05,0.00047155,9.49E-05,-0.000142465,0.962536435
0.960231153,-0.000846303,-0.001480208,0.00416883,1.85E-05,-0.001424944,0.000518917,0.000451648,4.48E-05,4.77E-05,-0.000196611,0.000163604,0.96189577
0.959980761,-0.000635061,-0.001328641,0.004051826,-0.000404011,-0.001394169,0.000519205,-0.000168194,3.60E-05,-0.000516239,8.44E-05,-0.000160669,0.959665252
0.959741532,-0.000409631,-0.001161286,0.00388255,-0.000746652,-0.001046284,0.000337673,-0.000755293,-3.29E-05,-0.000218239,0.000148004,0.000132561,0.959665252
0.959511867,-0.000171704,-0.000980621,0.003660992,-0.000978273,-0.000449976,9.08E-05,-0.000914816,-5.62E-05,0.000475544,-0.000287704,-0.00010609,0.959665252
0.959285256,7.20E-05,-0.000794997,0.003380432,-0.001089314,0.00025387,-0.000127159,-0.000504384,-1.79E-05,0.000348019,0.000115988,7.91E-05,0.961068115
0.959056225,0.000315597,-0.000611851,0.003035678,-0.0010824,0.000898023,-0.000264542,0.000263607,2.52E-05,-0.000412956,0.000238308,-5.88E-05,0.961600294
0.958820268,0.000554523,-0.000437217,0.002624628,-0.000968883,0.001333401,-0.000309313,0.000929869,3.83E-05,-0.000456416,-0.000378548,6.00E-05,0.961600294
0.958589313,0.000800632,-0.000259718,0.002165137,-0.000749736,0.001482136,-0.000255547,0.001076257,4.99E-05,0.000352803,0.000116264,-8.55E-05,0.963610231
0.958344529,0.001034768,-0.00010033,0.001641521,-0.000473546,0.001286358,-0.000169515,0.000512806,-9.14E-06,0.000512612,0.000276144,0.000124496,0.963610231
0.958081914,0.001252878,3.65E-05,0.001058312,-0.000171517,0.000795438,-6.69E-05,-0.000444636,-6.50E-05,-0.000232707,-0.000329586,-0.000129288,0.959213446
0.957832441,0.001486324,0.00018362,0.00046238,0.000169182,0.00017932,0.000111897,-0.001114367,3.43E-05,-0.000467315,5.04E-05,9.35E-05,0.959160509
0.957581952,0.001720819,0.000326251,-0.000150765,0.000500018,-0.000440141,0.00030375,-0.001075518,8.54E-05,5.59E-05,0.000156817,-4.32E-05,0.959160509
0.957324426,0.001950205,0.000457538,-0.000777082,0.000780756,-0.000941233,0.000421088,-0.000349546,-4.60E-05,0.000376263,-9.98E-05,-1.77E-06,0.959160509
0.957065235,0.002179875,0.000583025,-0.001398352,0.000991262,-0.001214303,0.000406748,0.000629998,-0.000154412,0.00011946,-1.12E-06,4.05E-05,0.959213446
0.95680487,0.002410303,0.000703178,-0.002001568,0.001111833,-0.001210336,0.000234141,0.001239995,-2.96E-05,-0.000241024,-5.71E-05,-7.09E-05,0.959087196
0.956537616,0.002635671,0.000811853,-0.002581001,0.001122794,-0.000952047,-7.10E-05,0.001057747,0.000193414,-0.000261884,0.000136629,9.01E-05,0.959087196
0.956256707,0.002849181,0.000902315,-0.003131029,0.00101566,-0.000511977,-0.000406816,0.000172254,0.000201374,8.20E-05,3.05E-05,-7.76E-05,0.957382504
0.955976429,0.0030654,0.00099067,-0.003621012,0.000821899,3.83E-05,-0.000593239,-0.000815017,-2.91E-05,0.000414044,-0.000291022,4.94E-05,0.955689908
0.955704539,0.003292286,0.001086092,-0.004028845,0.000572159,0.000594337,-0.00051345,-0.001254117,-0.000249154,0.000116184,0.000253537,-2.52E-05,0.955689908
0.955430625,0.003519382,0.001178184,-0.00435554,0.000276973,0.001019219,-0.000201524,-0.000898954,-0.000232838,-0.000552307,0.000131497,3.67E-06,0.955188156
0.955162245,0.003754366,0.001275411,-0.004583663,-2.78E-05,0.001228803,0.000229281,2.41E-05,6.20E-05,-0.000338426,-0.000443877,2.24E-05,0.955689908
0.954915442,0.004013366,0.00139443,-0.004690113,-0.000299279,0.00118952,0.000604141,0.00093294,0.000339431,0.000621104,0.000252109,-7.95E-05,0.959474578
0.954658506,0.004264125,0.001500625,-0.004710456,-0.000561512,0.000844716,0.000672945,0.001163123,0.000158867,0.00049006,0.000213718,0.0001399,0.959474578
0.954383171,0.004498153,0.001584584,-0.004654315,-0.000807372,0.000251115,0.000376835,0.000588197,-0.000261619,-0.000604436,-0.000379491,-0.000149582,0.954287022
0.954120327,0.004746654,0.001679042,-0.004486464,-0.000977309,-0.000404568,-8.63E-05,-0.000284119,-0.000273848,-0.000561306,0.00014594,0.000105197,0.953749771
0.953860239,0.004999771,0.001773705,-0.004220265,-0.001068851,-0.000977355,-0.000506298,-0.0008822,0.000100587,0.000511531,0.0001101,-3.40E-05,0.953640472
0.953598869,0.005253303,0.001863664,-0.003866202,-0.001081476,-0.001336435,-0.00069282,-0.000879312,0.000302837,0.000606845,-0.000142954,-5.01E-05,0.953640472
0.953336627,0.005507572,0.001948864,-0.003431154,-0.001014211,-0.001390087,-0.000553698,-0.000348648,5.11E-05,-0.000406496,6.58E-05,0.000137827,0.953749771
0.953080288,0.005769337,0.00203599,-0.002916406,-0.000863947,-0.001107218,-0.000138511,0.000337246,-0.000275314,-0.000623231,-5.60E-05,-0.000215749,0.954585425
0.952836291,0.00604488,0.002130577,-0.00232725,-0.000638227,-0.000544876,0.00035817,0.000743466,-0.000210921,0.0002831,4.66E-05,0.000247437,0.959537412
0.952574796,0.00630378,0.002199581,-0.001712226,-0.000396647,0.000118185,0.000640358,0.00059906,0.000105478,0.000551145,3.96E-05,-0.000225885,0.960942543
0.952306592,0.006556717,0.002253232,-0.001073379,-0.000146195,0.000744694,0.00059456,0.000111085,0.000311784,-0.00011277,-0.000102029,0.000184501,0.961545887
0.952037597,0.006809553,0.002297274,-0.000417016,0.000103934,0.001206926,0.000271616,-0.000319619,0.000168372,-0.000422567,6.75E-05,-0.000137725,0.962013267
0.951758706,0.007052989,0.002321735,0.000233668,0.000327544,0.001394131,-0.000169317,-0.000444687,-0.000193337,-2.92E-05,3.51E-05,1.00E-04,0.962296933
0.951479736,0.007296857,0.002336787,0.000877483,0.000525631,0.001285913,-0.000486721,-0.000251823,-0.000324651,0.000296141,-7.50E-05,-6.63E-05,0.962889726
0.951200868,0.007541247,0.002342438,0.001502527,0.00068929,0.000911255,-0.000526778,2.94E-05,-6.62E-05,0.000116346,5.91E-06,2.95E-05,0.963972433
0.950914058,0.00777791,0.002329935,0.002087777,0.000801289,0.000342166,-0.000295858,0.000153629,0.000259719,-0.000161966,6.22E-05,1.43E-05,0.964382263
0.950623109,0.008010582,0.002303223,0.00262687,0.000863477,-0.000290035,8.48E-05,0.000100772,0.000289542,-0.00013494,-3.35E-06,-5.32E-05,0.964470612
0.95032882,0.008240004,0.002263377,0.003111654,0.000878203,-0.000844521,0.000419568,2.31E-05,4.62E-07,3.27E-05,-9.93E-05,8.67E-05,0.964483363
0.950031674,0.008466577,0.002211133,0.003534581,0.000849488,-0.001201428,0.000535933,5.85E-05,-0.000281367,0.000114264,7.50E-05,-0.000112509,0.964483363
0.949726827,0.00868536,0.002141874,0.003883823,0.000777494,-0.001292251,0.000366514,0.000174132,-0.000249771,8.92E-05,9.45E-05,0.00013603,0.964483363
0.949421257,0.00890337,0.002063637,0.0041626,0.000679129,-0.001090163,8.95E-06,0.00021949,7.62E-05,-3.29E-05,-0.000184665,-0.000151415,0.964247305
0.949110253,0.009115877,0.001972502,0.004362972,0.000558164,-0.000647944,-0.000358802,4.56E-05,0.000319816,-0.000193975,3.23E-05,0.000158795,0.964247305
0.948805733,0.009334921,0.001881998,0.004496741,0.000437639,-4.99E-05,-0.000529615,-0.00027495,0.00021616,-6.06E-05,0.000234938,-0.000154462,0.964247305
0.948503536,0.009556259,0.001788494,0.004557932,0.000316745,0.000557983,-0.000426072,-0.000518596,-0.000157506,0.000240374,-0.000310746,0.000120975,0.964232707
0.948202283,0.009778379,0.001690864,0.004543618,0.000193574,0.001027446,-0.000110325,-0.000441069,-0.000394406,0.000161249,1.75E-05,-5.66E-05,0.964458624
0.947901765,0.010000888,0.001588924,0.004452495,6.47E-05,0.001242659,0.000249791,1.69E-06,-0.000196565,-0.000267218,0.000380317,-4.55E-05,0.965880068
0.947585553,0.010207039,0.001465563,0.004266504,-9.28E-05,0.001128999,0.000446935,0.000537108,0.000235072,-0.000295023,-0.00042906,0.0001867,0.965274059
0.947264534,0.010407741,0.001332976,0.004001203,-0.000262706,0.000738149,0.000413952,0.000816234,0.000479267,0.000317587,4.37E-05,-0.000332331,0.965274059
0.946936824,0.010601047,0.0011902,0.003659751,-0.000440799,0.000174285,0.000184009,0.000574364,0.000217594,0.000445342,0.000421092,0.000453478,0.965274059
0.946584052,0.010768503,0.001019792,0.003230146,-0.000636577,-0.000432542,-0.000129303,-0.000131508,-0.000344653,-0.000321222,-0.000473778,-0.000499158,0.957925405
0.946248541,0.010953013,0.000868716,0.002771324,-0.000778835,-0.000855238,-0.00028014,-0.000774937,-0.00048635,-0.000499982,0.000114494,0.000469654,0.957777496
0.945914445,0.011138693,0.000722344,0.002276099,-0.000872916,-0.001008484,-0.000224966,-0.00094809,-9.82E-05,0.00021887,0.000238461,-0.00040483,0.956966295
0.945578817,0.011322519,0.000578679,0.001749735,-0.000915729,-0.000874976,-3.73E-05,-0.000520164,0.000353706,0.000525289,-0.000326698,0.000325145,0.957777496
0.945239,0.01150178,0.00043612,0.001198306,-0.000906178,-0.00051351,0.000139217,0.000263757,0.000393148,-0.000109534,0.000190765,-0.000247016,0.957925405
0.944889827,0.011671296,0.000290759,0.000626131,-0.000847367,-4.12E-05,0.000177816,0.000917444,2.97E-05,-0.000521246,3.02E-05,0.000196211,0.957082659
0.944546608,0.011846589,0.000160357,6.10E-05,-0.00071933,0.000429829,7.47E-05,0.001043488,-0.000287193,4.13E-05,-0.000199567,-0.000179839,0.957082659
0.944195477,0.012013708,3.18E-05,-0.000502644,-0.000543455,0.00074988,-0.000129089,0.000490474,-0.00030673,0.000463532,0.000221288,0.000187228,0.957082659
0.943836664,0.012172987,-9.28E-05,-0.001054132,-0.000325852,0.000836624,-0.000296655,-0.000425193,-4.95E-05,3.85E-05,-5.98E-05,-0.000187608,0.953942898
0.943490878,0.012345461,-0.000190023,-0.001559774,-5.03E-05,0.000703209,-0.000267056,-0.001085927,0.000274558,-0.000355935,-0.000150564,0.000163831,0.953309292
0.943145954,0.012518891,-0.000271298,-0.002025278,0.000250352,0.000370276,-4.70E-05,-0.00108319,0.000302147,-0.000149132,0.000181957,-0.000130483,0.953027078
0.942801942,0.012693279,-0.000336067,-0.002444981,0.000552309,-7.61E-05,0.000254375,-0.000398558,-7.54E-06,0.000221712,-2.41E-05,8.98E-05,0.953309292
0.942455836,0.012865542,-0.000387055,-0.002817615,0.000826439,-0.000521711,0.000463342,0.000556119,-0.00032528,0.000214175,-0.000139976,-4.59E-05,0.953309292
0.94210558,0.013033574,-0.000426034,-0.00314154,0.001046286,-0.000847116,0.000441498,0.001188928,-0.000288724,-6.79E-05,0.000145337,6.11E-06,0.953027078
0.941755904,0.01320211,-0.000447794,-0.003408375,0.00119705,-0.000951338,0.000172545,0.001097929,9.24E-05,-0.00022295,2.28E-06,2.66E-05,0.952933296
0.941394081,0.01335829,-0.000465461,-0.003629807,0.001248177,-0.000811679,-0.000252531,0.000291412,0.000375469,-0.000105734,-0.000146548,-4.90E-05,0.951213624
0.94102873,0.013510867,-0.000469417,-0.003793055,0.001205148,-0.000434068,-0.000605291,-0.000716435,0.00026582,0.000227327,0.00017861,8.35E-05,0.95032644
0.94066807,0.01366822,-0.000450455,-0.003886205,0.001080897,0.000111114,-0.000671745,-0.001269209,-0.000122711,0.000289957,-5.53E-05,-0.000143692,0.949311206
0.940303193,0.013821386,-0.000417811,-0.003918285,0.000871994,0.000675471,-0.000399636,-0.00102779,-0.00042078,-0.000209284,-0.000165329,0.000226408,0.949311206
0.939940487,0.013976833,-0.000364869,-0.003882202,0.000599889,0.001116916,0.000118549,-0.000122748,-0.000278813,-0.000454708,0.000297354,-0.000320042,0.95032644
0.939584464,0.014139069,-0.000287484,-0.003774792,0.000286958,0.001309597,0.000647482,0.000880303,0.000189926,0.000130097,-0.000170219,0.000401743,0.953526982
0.939224044,0.014296761,-0.000198647,-0.003612824,-6.29E-05,0.001157643,0.000893223,0.001306482,0.000453206,0.000568056,-0.000204886,-0.0004688,0.953526982
0.938850924,0.014441344,-0.000108703,-0.003410838,-0.000439136,0.000656774,0.000689285,0.000861972,0.00020349,-1.24E-05,0.000486413,0.000520967,0.953526982
0.938455318,0.014562947,-2.85E-05,-0.003182396,-0.000823209,-9.09E-05,0.000103458,-0.000146865,-0.00025765,-0.000619178,-0.000254468,-0.00051767,0.946722212
0.938068735,0.014693501,7.50E-05,-0.002892765,-0.001139673,-0.000843456,-0.000526481,-0.000966613,-0.000326783,-3.24E-05,-0.000288775,0.000468252,0.946276335
0.937685257,0.01482711,0.000195423,-0.002550672,-0.001364745,-0.001404265,-0.000899701,-0.001094515,-2.91E-05,0.000612743,0.000521286,-0.00040403,0.946145943
0.937298008,0.014956796,0.00032432,-0.002168244,-0.001485806,-0.001626809,-0.000847035,-0.000534622,0.000183293,5.59E-05,-0.000178249,0.000338642,0.946145943
0.936918359,0.015093997,0.000472419,-0.001737824,-0.001476092,-0.001420993,-0.000372542,0.000307968,0.000128612,-0.000588486,-0.000350077,-0.000277417,0.946276335
0.936548149,0.015240387,0.000639482,-0.001265248,-0.001335051,-0.000826271,0.00029054,0.000863992,-3.36E-05,-0.000111095,0.000441808,0.000197294,0.95113333
0.936163767,0.015371833,0.000797771,-0.000787195,-0.00110695,-2.41E-05,0.000771609,0.000764372,-0.000122171,0.000507896,-5.41E-05,-0.00010218,0.952448946
0.935764492,0.015487363,0.000943947,-0.000313573,-0.000812129,0.000787195,0.000840051,0.000176979,-3.48E-05,0.000192787,-0.00029026,2.35E-05,0.953068597
0.935354419,0.015591017,0.001080627,0.000153787,-0.000464561,0.001421676,0.000495988,-0.000394588,0.00012015,-0.000371767,0.000268717,4.78E-05,0.953377332
0.934936365,0.015685598,0.001209418,0.000612813,-8.15E-05,0.001735071,-5.75E-05,-0.00054595,0.000134017,-0.00021929,1.21E-05,-0.000102995,0.953637671
0.934507741,0.015768482,0.001326486,0.001056262,0.000312009,0.001651407,-0.00053108,-0.00026568,-3.39E-05,0.000244165,-0.000184336,0.000149952,0.954049096
0.934072251,0.015843427,0.001434827,0.00148473,0.000698169,0.001196377,-0.000678691,0.000137052,-0.000163455,0.000230539,0.000118338,-0.000180271,0.954396269
0.933630474,0.01591106,0.001534366,0.001895927,0.001055957,0.000477438,-0.000434843,0.000311605,-7.37E-05,-0.000111672,3.09E-05,0.000199741,0.954396269
0.933183532,0.015972537,0.001625544,0.002287997,0.00136502,-0.000339226,5.76E-05,0.000158217,0.000128864,-0.000200569,-6.00E-05,-0.000210036,0.954396269
0.932723791,0.016020217,0.001699914,0.002649895,0.00159722,-0.001076418,0.000515345,-0.000125136,0.000170859,-6.63E-06,-7.38E-06,0.000224443,0.954262298
0.93226158,0.016064644,0.001768285,0.002991522,0.001751438,-0.001548525,0.000704423,-0.000202862,1.56E-05,0.000175598,4.62E-05,-0.000234065,0.953931124
0.931796792,0.016105875,0.001830798,0.003311353,0.001817962,-0.001646301,0.000514268,2.56E-05,-0.000155101,0.000111101,1.76E-05,0.000235892,0.953659358
0.931335985,0.016150643,0.001894305,0.003613975,0.001796875,-0.001344778,3.37E-05,0.000338476,-0.000143668,-0.000122475,-9.92E-05,-0.000234715,0.953481325
0.930869064,0.016188862,0.001948106,0.003884363,0.001670739,-0.000738631,-0.000520868,0.000357944,5.00E-06,-0.000228707,3.50E-05,0.000225281,0.953468059
0.930404949,0.016229632,0.002001475,0.004128155,0.001450316,3.28E-05,-0.000851581,-2.32E-05,0.000148985,5.81E-05,0.00015838,-0.000198045,0.953468059
0.929944449,0.016273843,0.002055063,0.004340905,0.001140665,0.000780576,-0.000771489,-0.000544788,0.000134536,0.000315018,-0.000244459,0.000137266,0.953413594
0.929485465,0.016319353,0.002105946,0.004512937,0.000745868,0.001315485,-0.000300845,-0.000756447,-4.40E-05,1.15E-05,1.25E-05,-4.87E-05,0.953413594
0.929023524,0.016361555,0.002148358,0.004630641,0.000271536,0.001497514,0.000339707,-0.000386504,-0.000204819,-0.000401341,0.00033398,-7.04E-05,0.953838973
0.928547348,0.016388982,0.002169473,0.004673012,-0.000277264,0.001269779,0.000831509,0.000385113,-0.000155205,-0.00011712,-0.000366649,0.000221376,0.953838973
0.928061086,0.016405814,0.002173257,0.004638355,-0.000865185,0.000709104,0.000951602,0.001042326,0.000125665,0.000507225,-9.47E-06,-0.000373829,0.9534472
0.927562402,0.016409732,0.00215723,0.004519401,-0.001456238,-2.80E-05,0.00063926,0.001041449,0.000329793,0.000266587,0.000446055,0.000510777,0.9534472
0.927033347,0.016382835,0.002103647,0.004295332,-0.002023208,-0.00075221,2.28E-05,0.000249545,0.00016269,-0.000559032,-0.000423416,-0.000579407,0.945296736
0.926514762,0.016366698,0.002057481,0.004015079,-0.002459887,-0.001191844,-0.00053073,-0.000764422,-0.000137889,-0.000322549,-2.46E-06,0.000588686,0.944221499
0.925996363,0.016351244,0.002009746,0.00367041,-0.002730941,-0.001234239,-0.000786451,-0.001323282,-0.000327121,0.000530571,0.000338692,-0.000572668,0.941934488
0.925473691,0.016332141,0.001956815,0.003258604,-0.002808645,-0.000882998,-0.000667863,-0.001018727,-0.000239792,0.000364124,-0.00029871,0.000547783,0.941934488
0.924953136,0.016316002,0.001906437,0.00279013,-0.002665906,-0.000240953,-0.00025894,1.20E-05,0.000109559,-0.000485926,2.69E-05,-0.000523817,0.941934488
0.924428595,0.016296776,0.001852924,0.002261752,-0.002309234,0.000484338,0.000208554,0.001090468,0.000395766,-0.000427752,0.000152493,0.000496742,0.945209495
0.923894156,0.016268598,0.001790733,0.001671636,-0.001762035,0.001060435,0.000499789,0.001467523,0.000291345,0.000435765,-0.000137142,-0.000458376,0.945209495
0.923347172,0.016228965,0.001718166,0.0010242,-0.001057266,0.001305529,0.00050212,0.000857064,-0.000142819,0.000507797,8.94E-05,0.000418609,0.945209495
0.922789155,0.016179723,0.001638775,0.000332333,-0.000232253,0.001146156,0.000275929,-0.000338683,-0.00044196,-0.000332762,-4.40E-05,-0.000352009,0.939998341
0.922244924,0.016146253,0.001580651,-0.000363428,0.000692287,0.000656036,2.02E-05,-0.001280101,-0.000221334,-0.000528579,-3.75E-05,0.00024884,0.9392995
0.921699208,0.016113364,0.001529043,-0.001068525,0.001631269,-5.98E-05,-0.000154676,-0.001388372,0.000216387,0.000155389,0.00010168,-0.000134598,0.93851584
0.921154468,0.016083664,0.001487197,-0.001769259,0.002512713,-0.000809558,-0.000191136,-0.000608454,0.00037807,0.00051355,-9.09E-05,2.49E-05,0.93851584
0.920613011,0.016059565,0.001457851,-0.002452261,0.003263105,-0.001385898,-0.000124052,0.000545077,0.000114473,4.85E-06,-1.63E-05,5.83E-05,0.93851584
0.920058434,0.016024575,0.001423892,-0.00312504,0.003791836,-0.001644272,-6.93E-05,0.001302459,-0.000276567,-0.000488335,0.000117095,-0.000104506,0.93687172
0.919505212,0.015993388,0.001400707,-0.003759593,0.004061279,-0.001470188,-6.41E-05,0.00123181,-0.000302359,-0.000103848,-6.09E-05,0.000126802,0.936697974
0.918942703,0.015955334,0.00137716,-0.004356044,0.0040213,-0.00089339,-0.000127078,0.000387988,1.69E-05,0.000411027,-0.000123687,-0.000144781,0.936090432
0.918360032,0.01589956,0.001342153,-0.004913726,0.003646976,-4.62E-05,-0.000202531,-0.000684764,0.000280473,0.000196876,0.000226035,0.00019608,0.934120524
0.917775608,0.015844904,0.001316058,-0.005397131,0.002979859,0.00090987,-0.000148821,-0.001251171,0.0002629,-0.000242429,-4.68E-06,-0.000273403,0.932031415
0.917184374,0.01578658,0.00129485,-0.005796873,0.002058476,0.001740175,7.54E-05,-0.000976333,-1.33E-05,-0.000258737,-0.000357902,0.000372213,0.930853181
0.916596739,0.015735384,0.001290454,-0.006087847,0.000960516,0.002240867,0.00041512,-7.03E-05,-0.000261569,7.80E-05,0.000398269,-0.000482141,0.930853181
0.916007885,0.015686703,0.001298438,-0.006264372,-0.00024074,0.002247059,0.000681241,0.000823825,-0.000271142,0.000244671,4.25E-05,0.000579167,0.930853181
0.915417565,0.015640502,0.001318836,-0.006318216,-0.001457372,0.001707752,0.000677866,0.001116903,-2.68E-05,8.17E-05,-0.000551709,-0.000641894,0.92669221
0.914830649,0.015601837,0.001356552,-0.006238707,-0.002593467,0.000707063,0.000318398,0.000659194,0.000265683,-0.000186261,0.000518323,0.000642956,0.92669221
0.914218063,0.015541574,0.001381119,-0.006054772,-0.003595975,-0.00059187,-0.000346684,-0.000236659,0.000284349,-0.0002583,0.000118944,-0.000558185,0.91968153
0.913609607,0.015490204,0.00142499,-0.005728732,-0.004341415,-0.001840064,-0.00096778,-0.000858301,0.000100882,0.000193723,-0.000620925,0.00042537,0.916200467
0.913022896,0.015465984,0.001507957,-0.005239136,-0.004738161,-0.002696465,-0.001185835,-0.000774401,-0.000148245,0.000429484,0.000390468,-0.000290082,0.915352194
0.912451884,0.015463094,0.00162354,-0.004598167,-0.004756766,-0.002947006,-0.000861729,-0.000181038,-0.000387242,-0.000234652,0.000227462,0.000136303,0.915352194
0.91190274,0.015487897,0.001776947,-0.003810745,-0.004387711,-0.002507318,-0.000101094,0.000386367,-0.000371758,-0.000651833,-0.000544638,8.97E-06,0.916200467
0.911385704,0.01555061,0.001975907,-0.00288513,-0.003655374,-0.001464298,0.000756875,0.000486212,3.98E-05,0.000151221,0.000182544,-0.000183209,0.922382219
0.910867512,0.015617262,0.002180628,-0.001886032,-0.002673903,-0.000122952,0.001222157,3.99E-05,0.000459291,0.000741211,0.000290345,0.000342579,0.927456446
0.910335229,0.015674381,0.002372455,-0.000857725,-0.001550667,0.001176366,0.001025667,-0.000482482,0.000449076,-2.19E-05,-0.000265602,-0.000448149,0.927456446
0.90979586,0.015728794,0.002554677,0.000179666,-0.000370833,0.002153224,0.000279623,-0.000476126,1.56E-06,-0.0007478,-8.02E-05,0.000503107,0.929750652
0.909247388,0.01577832,0.00272167,0.001197236,0.000772189,0.002605424,-0.000627345,0.000161586,-0.000483357,-0.000103056,0.000201692,-0.0004989,0.931013249
0.908693485,0.015826551,0.002874034,0.002173657,0.001800313,0.002467849,-0.00120701,0.000903005,-0.000502962,0.000752725,8.23E-05,0.000445898,0.934403842
0.908132774,0.015871973,0.003007075,0.003083078,0.002642018,0.001802777,-0.001140244,0.000993937,1.49E-05,0.000228821,-0.000322239,-0.000355111,0.934403842
0.907554991,0.015904134,0.00310709,0.003892226,0.00323412,0.000776786,-0.000444956,0.000141668,0.000571888,-0.00073463,7.92E-05,0.0002533,0.934403842
0.906970007,0.015932966,0.003182064,0.004594131,0.003562221,-0.000340208,0.000569804,-0.001077492,0.000602835,-0.000305264,0.000472233,-0.000137775,0.93427436
0.906374171,0.015954808,0.003226287,0.005170543,0.003619054,-0.001289405,0.001392158,-0.0016584,-1.78E-05,0.000712254,-0.000584034,2.29E-05,0.933009083
0.905771547,0.015973789,0.003242348,0.005615254,0.00342776,-0.001857914,0.001584143,-0.000948722,-0.000700081,0.000401761,-7.13E-05,9.04E-05,0.93265568
0.905162268,0.015990095,0.003229057,0.005921512,0.003024885,-0.001940893,0.000990356,0.000712315,-0.000680707,-0.000670801,0.000864603,-0.000189745,0.932360628
0.904550713,0.016008156,0.003189636,0.006090239,0.002463924,-0.001553226,-0.000159099,0.002128541,0.000126622,-0.000491869,-0.000793427,0.000266096,0.932006057
0.903931071,0.01602207,0.003116561,0.006113817,0.001792367,-0.000837952,-0.001357261,0.002086718,0.000880737,0.00060422,-0.00029132,-0.000314535,0.932006057
0.903293493,0.016021819,0.002998109,0.005983274,0.00105528,-1.35E-05,-0.002034933,0.000366661,0.000684095,0.000569112,0.001281251,0.000335631,0.931751026
0.902619862,0.015989325,0.002815809,0.005688366,0.000295897,0.000698903,-0.001809727,-0.001907846,-0.00030843,-0.00047909,-0.000878135,-0.000273994,0.92124873
0.901977327,0.015992714,0.002641885,0.005320173,-0.000338221,0.001250213,-0.000565728,-0.0028776,-0.00086131,-0.000465607,-0.000574126,0.000145969,0.92124873
0.901347488,0.016013488,0.002457247,0.00487148,-0.000829528,0.001500664,0.001135218,-0.00173168,-0.000515544,0.000231105,0.001348953,-5.08E-05,0.926461959
0.900693738,0.016014486,0.002222192,0.004311983,-0.001209092,0.001343771,0.002401079,0.000733424,0.000197327,0.000214026,-0.000590146,2.85E-05,0.926461959
0.900031158,0.016010854,0.001952375,0.003673413,-0.001453753,0.000856753,0.002591335,0.002818439,0.000699913,3.23E-05,-0.00072979,-6.05E-05,0.926461959
0.899357704,0.01600049,0.001645966,0.002970452,-0.001572946,0.000177077,0.001526155,0.00298117,0.000620784,0.000108931,0.00111027,0.000131926,0.926461959
0.898636947,0.015946749,0.001266262,0.002182899,-0.001623306,-0.00055084,-0.000411078,0.000961716,-3.43E-05,-0.000197092,-0.00020758,-0.000193139,0.91580632
0.897908448,0.015890036,0.000858788,0.001382257,-0.001561922,-0.001049525,-0.002237599,-0.001752488,-0.000591749,-0.00030663,-0.00068059,0.000296436,0.90743745
0.897202916,0.015861921,0.000460559,0.000631041,-0.001361447,-0.001122364,-0.002995856,-0.003174025,-0.000556503,0.000312093,0.00053824,-0.000467395,0.904795685
0.896510672,0.01585282,6.41E-05,-6.13E-05,-0.001065472,-0.000783486,-0.002317555,-0.002366521,-0.000125761,0.000422001,0.000106402,0.000640189,0.90743745
0.895802139,0.015832904,-0.000359996,-0.000712563,-0.000752896,-0.000209604,-0.000554061,-7.94E-06,0.000289542,-0.00045759,-0.00032231,-0.000785615,0.90743745
0.89509447,0.01581951,-0.000791643,-0.001290619,-0.000443185,0.000419477,0.001506989,0.002278915,0.000561035,-0.000530841,1.44E-05,0.000893237,0.914075953
0.894369128,0.015794023,-0.001247853,-0.001804912,-0.000192468,0.000866331,0.002881314,0.00293004,0.00045509,0.000545835,0.000150296,-0.000949484,0.914075953
0.893620299,0.015750692,-0.00173187,-0.002252648,-2.98E-05,0.000972898,0.002917785,0.001579648,-0.000124699,0.000713316,0.000203155,0.000961591,0.914075953
0.892829288,0.015671228,-0.002257665,-0.00264133,2.65E-05,0.000696198,0.001598652,-0.000739431,-0.000739441,-0.000516697,-0.000429242,-0.0008554,0.900965449
0.892080968,0.015642055,-0.002729188,-0.00286235,0.000102914,0.000262983,-0.000307444,-0.002235032,-0.000508852,-0.000722504,7.51E-05,0.000638434,0.899127216
0.891348601,0.015636712,-0.003169145,-0.002940836,0.000181938,-0.000227002,-0.001998416,-0.002094653,0.000272198,0.000287717,0.000387311,-0.000418571,0.89714929
0.890618614,0.015641677,-0.003588532,-0.002897049,0.000250891,-0.000663632,-0.002808792,-0.000721439,0.000679605,0.000618526,-0.000418548,0.000231292,0.896474975
0.889902426,0.015668672,-0.00397217,-0.002727436,0.000327345,-0.000917352,-0.002428431,0.000810056,0.000323394,-7.51E-05,-2.77E-05,-0.000110865,0.896474975
0.889194574,0.015712274,-0.004323355,-0.002452907,0.000402775,-0.000937036,-0.001089171,0.00150891,-0.00037945,-0.000516402,0.000398966,4.44E-05,0.897519716
0.888488163,0.015765546,-0.004647449,-0.00210031,0.00046304,-0.000737405,0.000588628,0.001135094,-0.000661018,-0.00012309,-0.000296777,-3.54E-05,0.897519716
0.887787187,0.015832476,-0.004938877,-0.00168755,0.000505151,-0.000374474,0.001900411,0.000217616,-0.000216157,0.000359999,-0.000133411,6.51E-05,0.899546143
0.887079408,0.015900661,-0.005209306,-0.001252347,0.00050644,3.69E-05,0.002321303,-0.000530763,0.000438474,0.000245019,0.000362481,-0.000121137,0.899546143
0.886368727,0.01597393,-0.005453901,-0.000815442,0.000465326,0.000397256,0.001759295,-0.000716379,0.000607246,-0.000161998,-0.0001353,0.000181686,0.899546143
0.885624759,0.016021677,-0.005703008,-0.000432918,0.000347046,0.00059128,0.000504148,-0.000502402,0.000103599,-0.000324356,-0.000241156,-0.00020433,0.895450738
0.884882082,0.016079034,-0.005917786,-8.34E-05,0.000208705,0.000654498,-0.000775156,-0.000145231,-0.000391024,7.09E-05,0.000406336,0.000209274,0.895318459
0.884136477,0.016142072,-0.006099755,0.000214506,6.47E-05,0.000605679,-0.001524994,9.41E-05,-0.000403117,0.000348487,-0.000191216,-0.000210213,0.892920845
0.88339497,0.016218078,-0.006239537,0.000455207,-6.05E-05,0.000490497,-0.001492654,0.00019075,-5.28E-05,2.14E-05,-0.000236462,0.000204921,0.892920845
0.882650898,0.01630047,-0.00634262,0.000619925,-0.000162924,0.000334438,-0.00083574,0.000247178,0.000220154,-0.000377275,0.00045193,-0.000202761,0.892920845
0.881903463,0.01638854,-0.006408837,0.00069894,-0.000235546,0.000162593,3.18E-05,0.000333888,0.000234064,-0.000124718,-0.000219719,0.000205979,0.89295453
0.881152491,0.016482203,-0.006437585,0.000686848,-0.000273806,-8.12E-06,0.000668469,0.00036436,0.000114685,0.00038565,-0.000249883,-0.000213214,0.89295453
0.880387801,0.016571281,-0.006438944,0.000571013,-0.000288402,-0.000182076,0.000808221,0.000158476,-3.64E-05,0.000223163,0.000483396,0.000222696,0.89295453
0.879606996,0.01665362,-0.00641403,0.000354176,-0.000277698,-0.00034235,0.000508996,-0.000279014,-0.000163061,-0.000325384,-0.000177205,-0.000195145,0.88833422
0.878841877,0.016761657,-0.006327768,8.26E-05,-0.000198554,-0.000419093,0.000109745,-0.000637953,-0.00015005,-0.000241457,-0.000315791,0.000123434,0.887399
0.878085677,0.016888787,-0.006186563,-0.000239676,-6.56E-05,-0.000419743,-0.000120035,-0.000653458,-5.98E-05,0.000191348,0.000379203,-4.09E-05,0.887399
0.877338758,0.017035375,-0.005990898,-0.000601122,0.000102741,-0.000366391,-7.91E-05,-0.000244776,4.92E-05,0.000188375,3.41E-06,-5.92E-05,0.887399
0.876588187,0.017188302,-0.00575596,-0.00100424,0.000265116,-0.000305781,0.000102899,0.000364436,0.000122931,-0.000118075,-0.0003659,0.00015721,0.887406196
0.87582997,0.017343499,-0.00548766,-0.001439039,0.000392127,-0.000256552,0.000206526,0.000804084,0.000135605,-0.000104099,0.000288402,-0.000231871,0.887406196
0.875068697,0.017505662,-0.005182586,-0.001882796,0.000471008,-0.000200959,7.94E-05,0.000786259,5.85E-05,0.000102455,0.000152464,0.000279141,0.887406196
0.874301956,0.017672502,-0.004844449,-0.002318397,0.000487663,-0.000117117,-0.000277771,0.000268652,-0.000115537,1.86E-05,-0.000429414,-0.000289822,0.883976244
0.873545065,0.017859659,-0.004458347,-0.002707927,0.00045689,3.91E-05,-0.000658455,-0.00044591,-0.000215697,-8.89E-05,0.000213666,0.000265929,0.883276474
0.872805526,0.018074778,-0.004018439,-0.003024479,0.000385517,0.000268477,-0.000808556,-0.000935033,-0.000114793,3.51E-05,0.000223047,-0.000241394,0.882334957
0.872076226,0.018310571,-0.003535565,-0.003261834,0.000261137,0.00050739,-0.000589203,-0.000918939,8.69E-05,3.39E-05,-0.000446113,0.000201243,0.882334957
0.871357391,0.018566988,-0.003014055,-0.003409952,8.11E-05,0.000674769,-3.43E-05,-0.000379629,0.000192956,-0.000136001,0.000184212,-0.000168757,0.883976244
0.870633943,0.018828457,-0.002474949,-0.003479286,-0.00017105,0.000671382,0.000614846,0.000382582,7.28E-05,-5.61E-05,0.000265948,0.000138201,0.885511069
0.869903013,0.019091737,-0.001926566,-0.003468588,-0.00048727,0.00045685,0.001060774,0.000957084,-0.000122988,0.000246998,-0.000407954,-0.000103364,0.885511069
0.869155833,0.01934775,-0.001382808,-0.003383549,-0.0008532,4.98E-05,0.001069389,0.001012581,-0.000160194,0.000127786,0.000115877,7.42E-05,0.885511069
0.868394485,0.019598553,-0.000845174,-0.003217115,-0.001227001,-0.000444274,0.000616641,0.000512344,3.29E-05,-0.000294614,0.000322026,-2.55E-05,0.883201135
0.867635293,0.019860722,-0.000299367,-0.002946505,-0.001540316,-0.000857501,-9.07E-05,-0.000259865,0.00024839,-0.00017404,-0.000394668,-3.72E-05,0.880859822
0.866884856,0.020140988,0.00025849,-0.002563332,-0.001739893,-0.001051012,-0.000757669,-0.000908125,0.00015743,0.000311332,-1.89E-05,9.36E-05,0.880470652
0.866142358,0.020438453,0.000823656,-0.00207297,-0.00179386,-0.000959294,-0.001129896,-0.001111285,-0.00022554,0.000190357,0.000409037,-0.000157515,0.880470652
0.86540122,0.020746289,0.001384709,-0.001492236,-0.001692548,-0.000606325,-0.001086623,-0.000752526,-0.000443748,-0.000364529,-0.000331162,0.000213453,0.880859822
0.864662024,0.021064865,0.001937638,-0.000833371,-0.001431839,-7.80E-05,-0.000651815,4.42E-05,-0.000110953,-0.000228709,-0.000131089,-0.000254807,0.883501233
0.863932894,0.021402055,0.002485838,-0.000104403,-0.001015884,0.000495437,1.39E-05,0.000907495,0.000470137,0.000402543,0.000431137,0.000254898,0.890153781
0.863184878,0.021728253,0.002993498,0.000641798,-0.000510432,0.000914084,0.000612353,0.001289488,0.000496852,0.00021766,-0.000275958,-0.000218945,0.891367975
0.862421284,0.022046516,0.003459497,0.0013889,5.25E-05,0.001070499,0.000953385,0.000932856,-0.000116914,-0.000391159,-9.10E-05,0.000185066,0.891983358
0.86164861,0.022363299,0.0038873,0.002126091,0.000643757,0.000941957,0.000973805,8.42E-06,-0.000607317,-0.000171336,0.000329987,-0.000155878,0.892171363
0.860866546,0.022678225,0.00427373,0.002835336,0.001222528,0.000573168,0.000706717,-0.000978315,-0.000341068,0.000407221,-0.000263657,0.000142398,0.892188884
0.860075934,0.022992097,0.0046172,0.003500374,0.001748483,7.22E-05,0.00025951,-0.001434424,0.000382697,0.000145014,3.48E-06,-0.000143299,0.892410525
0.859276047,0.023304146,0.004914877,0.004104084,0.002181171,-0.000422756,-0.000233486,-0.001031736,0.000663975,-0.000436759,0.000233564,0.000164447,0.892796313
0.85846657,0.023614028,0.005164773,0.00463113,0.002485552,-0.000777966,-0.000642403,6.05E-05,0.000121371,-0.000122947,-0.000271115,-0.000198001,0.892796313
0.857646209,0.023920457,0.005364458,0.00506717,0.002633885,-0.000899252,-0.000863851,0.001217926,-0.000597752,0.00049815,0.000109778,0.000248097,0.894224806
0.856822051,0.024230616,0.005520706,0.005409196,0.002618543,-0.000745749,-0.000824546,0.001713401,-0.000580524,0.000143965,0.000149889,-0.000304796,0.894461452
0.855984852,0.024535205,0.00562347,0.005637831,0.002422368,-0.000375463,-0.000539658,0.001131005,0.000158427,-0.000585371,-0.000332893,0.000356696,0.894224806
0.855135142,0.024834857,0.005673672,0.005747875,0.002054281,0.000110892,-6.55E-05,-0.000250439,0.000735969,-0.000168484,0.000289004,-0.000371795,0.89366468
0.854282452,0.025139352,0.005682397,0.005747586,0.001548163,0.000595498,0.000496311,-0.001566065,0.00045492,0.000709162,5.20E-05,0.000340343,0.89366468
0.85342131,0.025443364,0.00564545,0.005631097,0.000930032,0.000937945,0.000963246,-0.00194097,-0.000396997,0.000225453,-0.000461371,-0.000253798,0.889807104
0.852567247,0.025762729,0.00558079,0.00541784,0.000258501,0.001058371,0.001172658,-0.001024521,-0.000789831,-0.000807923,0.000525214,0.000112037,0.889807104
0.851710118,0.026087301,0.005479232,0.005099291,-0.000437727,0.000891616,0.000966623,0.000629633,-0.000274208,-0.000372275,-8.82E-05,5.75E-05,0.889807104
0.850851048,0.026418252,0.005343359,0.004680776,-0.001115543,0.000460366,0.000342143,0.001948979,0.000564781,0.00088695,-0.000532018,-0.000230085,0.889277534
0.849991218,0.026756746,0.005175655,0.004168706,-0.001733906,-0.000142538,-0.00052691,0.002016868,0.000751539,0.000543843,0.000714443,0.000368879,0.889277534
0.849097116,0.027069059,0.004943138,0.003534514,-0.002292711,-0.000810403,-0.001360583,0.000678265,3.00E-05,-0.000958475,-0.000176918,-0.000428246,0.878596401
0.848215864,0.027403043,0.004698894,0.002845276,-0.002689155,-0.001283566,-0.001686572,-0.0010999,-0.000607849,-0.000602912,-0.000511774,0.00043325,0.874849782
0.847345119,0.027756613,0.004444107,0.002113553,-0.002891841,-0.001416003,-0.001291356,-0.002143119,-0.000488725,0.000960394,0.000601461,-0.000437698,0.874416137
0.846477027,0.028121945,0.004173221,0.001343772,-0.002894987,-0.001167125,-0.000293141,-0.001797165,8.16E-05,0.000631565,-9.08E-05,0.000451695,0.874416137
0.845627593,0.028515195,0.003905245,0.00056619,-0.002680634,-0.000569774,0.000935438,-0.000282461,0.000430679,-0.000969765,-0.000428881,-0.000500966,0.874416137
0.844778776,0.028918005,0.003622546,-0.000229306,-0.002292547,0.000191743,0.001817083,0.001351893,0.000214454,-0.000767188,0.000367195,0.000556081,0.878727779
0.843923661,0.02932319,0.003318926,-0.001040698,-0.001773727,0.000900108,0.001911422,0.002035323,-0.000169983,0.000963323,0.000111637,-0.000596903,0.878727779
0.843061537,0.029729853,0.002994944,-0.001857935,-0.001165929,0.001361621,0.001129129,0.001377104,-0.000216,0.000932426,-0.000364816,0.0006061,0.878727779
0.842168781,0.030114212,0.00262853,-0.002692536,-0.00053573,0.001429258,-0.000234695,-0.000140829,1.87E-05,-0.000920038,0.000126384,-0.000536309,0.870256435
0.84130006,0.030531623,0.002280656,-0.003465635,0.000150645,0.001174313,-0.00147457,-0.001376077,0.000250291,-0.000976049,0.000344758,0.000394341,0.869415461
0.840427379,0.030953959,0.001925101,-0.004192522,0.00082055,0.000627294,-0.002069717,-0.001640383,3.92E-05,0.00075448,-0.00054453,-0.000238063,0.866724084
0.83955452,0.031385067,0.001568474,-0.004854746,0.001438528,-7.26E-05,-0.001743649,-0.000895032,-0.000326555,0.001014267,0.000162556,0.000112686,0.866724084
0.838701239,0.031844938,0.001234208,-0.005416672,0.001991801,-0.000727898,-0.000606717,0.000308755,-0.000226214,-0.000577707,0.000502021,-5.95E-05,0.866724084
0.837853187,0.032318971,0.000908823,-0.005884978,0.002423516,-0.001212924,0.000792851,0.001140742,0.000232846,-0.001111437,-0.000820697,5.71E-05,0.866724084
0.837004207,0.032800751,0.000586893,-0.006259803,0.002691457,-0.00143586,0.001796239,0.001137902,0.00040758,0.0003744,0.000317107,-9.94E-05,0.86910187
0.836156224,0.033292052,0.000271577,-0.00653315,0.00277473,-0.001350282,0.001948769,0.00045814,1.28E-05,0.001180403,0.00066725,0.000172313,0.86910187
0.835308565,0.033792085,-3.65E-05,-0.006700649,0.002663134,-0.00097774,0.00119198,-0.000349837,-0.000461728,-0.000160242,-0.001131121,-0.000259255,0.862286359
0.834472306,0.034311863,-0.000324699,-0.006747068,0.002372701,-0.000388492,-0.000101107,-0.000769509,-0.000350902,-0.001211429,0.000418826,0.000326241,0.862286359
0.833629804,0.034833399,-0.000610914,-0.006691579,0.001895961,0.000258727,-0.001361509,-0.000702502,0.000218583,-0.000114022,0.000855891,-0.00036556,0.861486536
0.832793025,0.035368591,-0.000881934,-0.006521577,0.001275591,0.000837522,-0.001989171,-0.00031395,0.000566589,0.001220204,-0.001337005,0.00037358,0.861120025
0.831966187,0.035921507,-0.001132896,-0.006235091,0.00055527,0.001227311,-0.001689432,0.000106093,0.000213329,0.00037466,0.000370766,-0.000363224,0.861120025
0.831139795,0.036482239,-0.001374175,-0.005849082,-0.000233495,0.001324757,-0.000626574,0.000337642,-0.000497505,-0.001224592,0.001080245,0.000314079,0.861120025
0.830310041,0.037046645,-0.001610113,-0.005375197,-0.0010447,0.001104238,0.00070099,0.00037987,-0.00066506,-0.000637871,-0.001436422,-0.000208707,0.857530598
0.829502653,0.037640269,-0.001814776,-0.004794887,-0.001795489,0.000649087,0.001716025,0.000363622,4.86E-05,0.001193379,0.000227372,2.10E-05,0.863855802
0.828665969,0.038210426,-0.002044264,-0.004179341,-0.002502352,-1.66E-05,0.00186216,0.000192168,0.000692581,0.000774959,0.001204719,0.000216347,0.863855802
0.827798419,0.038755242,-0.002300553,-0.003539841,-0.003111463,-0.000727105,0.001101208,-8.84E-05,0.000525414,-0.001031304,-0.001192594,-0.000402202,0.855084215
0.826948405,0.039323614,-0.002531181,-0.002826687,-0.003500949,-0.001212492,-7.57E-05,-0.000264227,-0.000121927,-0.00074899,-0.000102545,0.000514427,0.855043006
0.826110821,0.039910336,-0.002740544,-0.002052667,-0.003631575,-0.0013436,-0.001107068,-0.000316596,-0.00061695,0.000805472,0.001053425,-0.000581229,0.855043006
0.825286346,0.040515771,-0.002928572,-0.001229082,-0.003483504,-0.00109511,-0.001553611,-0.00029313,-0.000550594,0.000622069,-0.000704829,0.000581002,0.855043006
0.824464365,0.041128761,-0.003107824,-0.000382638,-0.003075205,-0.000566004,-0.001299725,-0.000228579,-1.89E-05,-0.000689706,-0.000375708,-0.000532015,0.855084215
0.823648237,0.041752159,-0.003276714,0.000473858,-0.0024303,8.74E-05,-0.000533122,-6.57E-05,0.000556204,-0.000474861,0.000849298,0.000438465,0.860960113
0.822826802,0.042374082,-0.003449343,0.001310132,-0.001610174,0.000657646,0.000329526,0.000195557,0.000642314,0.000605024,-0.0002756,-0.000330189,0.864023096
0.82198043,0.042974173,-0.003648183,0.002088199,-0.000696945,0.000962221,0.000878867,0.000447283,8.50E-05,0.000314864,-0.000513237,0.000247847,0.86498824
0.821129113,0.043572256,-0.003852859,0.002818643,0.000275018,0.00096663,0.000982139,0.000581811,-0.000558025,-0.000497729,0.000622888,-0.000178011,0.865917693
0.8202752,0.044170434,-0.004060878,0.003494778,0.001247796,0.000703548,0.000709366,0.000424266,-0.000657932,-0.000135097,-1.79E-05,0.000116274,0.866099922
0.819420921,0.044770654,-0.004270028,0.004110196,0.002160476,0.000274254,0.000270084,-7.99E-05,-9.80E-05,0.000454645,-0.000534736,-6.56E-05,0.866347329
0.818569685,0.045376026,-0.004476903,0.004660471,0.002954976,-0.000180552,-0.00011195,-0.000711073,0.000594601,-5.97E-05,0.000392632,2.10E-05,0.866456516
0.817731104,0.045995768,-0.004672338,0.00514699,0.003582414,-0.000521649,-0.00031185,-0.001043633,0.000703037,-0.000508722,0.000189388,-1.30E-06,0.866492941
0.816881755,0.046605573,-0.004882817,0.005532499,0.003957917,-0.00070471,-0.000399432,-0.000793694,-1.51E-05,0.000158087,-0.000538713,-2.09E-05,0.866667348
0.815999038,0.047182047,-0.005133266,0.005783853,0.00401772,-0.000724022,-0.00047617,2.74E-05,-0.000813859,0.000630641,0.000287374,9.35E-05,0.866724501
0.815113972,0.047756141,-0.005390717,0.005933927,0.003793839,-0.000528127,-0.000487481,0.00110478,-0.000616435,-9.45E-05,0.000379824,-0.000191114,0.866870644
0.814219282,0.048320182,-0.005662034,0.005975138,0.003293261,-0.00017423,-0.000399617,0.0017059,0.000386556,-0.000791765,-0.000745066,0.000286809,0.866870644
0.8133079,0.048866671,-0.005953827,0.005901694,0.00254282,0.000236058,-0.000175024,0.001230567,0.000963025,-1.69E-05,0.00031046,-0.00034848,0.866870644
0.812382555,0.049398048,-0.006261874,0.005721613,0.001601658,0.000601362,0.000199671,-0.000224951,0.000376294,0.000968219,0.000594412,0.000369663,0.866776603
0.811428589,0.049899432,-0.006598696,0.005428513,0.000528504,0.000817976,0.000636233,-0.001797793,-0.000695385,0.000210681,-0.00095347,-0.000305636,0.857370053
0.810499967,0.050425221,-0.006904363,0.005094938,-0.000523818,0.000912295,0.001059662,-0.002249115,-0.000841155,-0.000998194,0.000325582,0.000156345,0.857370053
0.809562122,0.0509403,-0.007212803,0.004691902,-0.001519205,0.000798887,0.001156019,-0.001180702,-2.39E-05,-0.000574433,0.000585154,1.29E-05,0.857370053
0.808611171,0.051440377,-0.007526345,0.004223353,-0.002393708,0.000474117,0.000733597,0.000811744,0.000721007,0.000956531,-0.000833122,-0.000143674,0.857110769
0.807655173,0.051933325,-0.007834054,0.00370852,-0.003075823,1.02E-05,-0.000141624,0.00244922,0.000597783,0.000980265,0.000260634,0.000208819,0.857110769
0.806679591,0.052404225,-0.008148475,0.00314179,-0.003535925,-0.00051102,-0.001181944,0.002526593,-0.000173034,-0.000830853,0.000471453,-0.000186721,0.851123666
0.805687674,0.052856258,-0.008462489,0.002539842,-0.003734942,-0.000951483,-0.001898085,0.00087098,-0.000622116,-0.001311949,-0.000595627,0.000105538,0.844085856
0.804699663,0.053309837,-0.008750535,0.001939461,-0.003630281,-0.001156675,-0.001833491,-0.001465237,-0.000257725,0.000661595,0.000144482,2.71E-05,0.843738592
0.803712761,0.053762064,-0.009011546,0.001349802,-0.003232854,-0.001063049,-0.000889279,-0.002943558,0.000318017,0.001584314,0.000267137,-0.000211764,0.84319729
0.802730422,0.054216189,-0.009238853,0.000783332,-0.002573874,-0.000682838,0.000613788,-0.002520229,0.000349036,-0.00044125,-0.000298444,0.000416147,0.843738592
0.801740829,0.054660016,-0.009442074,0.000233431,-0.001724701,-0.000124774,0.002018003,-0.000401434,-0.000105337,-0.001854064,9.27E-05,-0.000615485,0.843738592
0.800760138,0.055109442,-0.009602307,-0.000278445,-0.000740852,0.000487618,0.0026699,0.002093141,-0.000304429,0.000157053,3.77E-05,0.000770644,0.852180906
0.799751958,0.055527309,-0.009756045,-0.000791329,0.000248175,0.000942895,0.0021179,0.00323809,-4.27E-05,0.002007431,-9.36E-05,-0.000861172,0.852180906
0.798725163,0.055922143,-0.009892206,-0.001293656,0.001170928,0.001137151,0.0005183,0.002246298,0.000297095,0.000247898,0.00024945,0.000899667,0.852180906
0.79764313,0.056256977,-0.010045063,-0.001818725,0.001921423,0.000998509,-0.001495627,-0.000280328,0.000208115,-0.002056146,-0.000302822,-0.000827469,0.839051208
0.796581393,0.056608268,-0.010129705,-0.002270188,0.002554188,0.000709686,-0.002853768,-0.002493826,-5.41E-06,-0.000460587,0.000173584,0.000691474,0.839051208
0.795525232,0.056961277,-0.010156804,-0.002655755,0.003019735,0.000346356,-0.002906588,-0.002986474,-0.000181383,0.001951623,6.47E-05,-0.000583198,0.838670515
0.794454151,0.057295152,-0.010144919,-0.002995054,0.003265182,-3.90E-05,-0.001625483,-0.0015739,-0.000284922,0.000595841,-0.000362892,0.000542811,0.839051208
0.793382772,0.057624535,-0.010075646,-0.00326861,0.003297509,-0.000351088,0.000465034,0.000780138,-0.000134852,-0.001790868,0.000529927,-0.000573327,0.839921549
0.792301787,0.057939893,-0.009956097,-0.003485243,0.003108154,-0.000557686,0.002411712,0.002524281,0.000210257,-0.000730511,-0.000274933,0.000658962,0.844673602
0.791204419,0.058234292,-0.009790743,-0.003651202,0.002707777,-0.000649649,0.003308355,0.00258809,0.000433629,0.001652854,-0.000372367,-0.000760558,0.844673602
0.790098676,0.058515771,-0.009568508,-0.003756102,0.00214053,-0.00061834,0.002731393,0.001047097,0.000244325,0.000872446,0.000890373,0.000853302,0.844673602
0.788960984,0.05876075,-0.009310376,-0.003822183,0.001429245,-0.000506803,0.000886407,-0.001061084,-0.000290017,-0.001511457,-0.000591572,-0.000874692,0.8307252
0.787851389,0.059030137,-0.008949348,-0.003777429,0.000709065,-0.000247746,-0.001312414,-0.002281808,-0.000489921,-0.000858258,-0.000375802,0.000810099,0.830364071
0.786740624,0.059294612,-0.008513256,-0.00365341,-1.24E-06,6.11E-05,-0.002944995,-0.002025212,-0.0002138,0.001267327,0.000991223,-0.000705506,0.829991588
0.785634134,0.059559743,-0.007994837,-0.003446838,-0.000650838,0.000349215,-0.0033005,-0.000621795,0.000263759,0.000799872,-0.00056648,0.000584379,0.829991588
0.784550006,0.059843838,-0.007374183,-0.003142479,-0.001183423,0.000566349,-0.002208189,0.000992963,0.000502153,-0.001070186,-0.00049441,-0.000478836,0.829991588
0.783476599,0.06013494,-0.006664696,-0.002764414,-0.001599526,0.000621797,-0.000196968,0.001812459,0.000168649,-0.000798363,0.000973927,0.000349147,0.836014186
0.782388786,0.060407395,-0.005894999,-0.002354715,-0.001929311,0.000444827,0.001793866,0.00142326,-0.000455808,0.000862223,-0.00037263,-0.000186441,0.836014186
0.781294945,0.060669484,-0.005058337,-0.001916775,-0.002163924,8.68E-05,0.002931921,0.000276746,-0.000574877,0.000812777,-0.000560422,1.02E-05,0.836014186
0.780196537,0.060922692,-0.004154695,-0.001459513,-0.002301921,-0.000343292,0.002787997,-0.000802175,6.08E-05,-0.000656167,0.000815472,0.000181211,0.834676394
0.779107445,0.061181042,-0.003171552,-0.000978229,-0.002329957,-0.000692909,0.001509315,-0.001198736,0.0007318,-0.000772806,-0.000189314,-0.000392837,0.833069015
0.778015036,0.061431831,-0.002124665,-0.000497965,-0.002270079,-0.000863221,-0.000332939,-0.000898928,0.000506967,0.000438635,-0.000604569,0.000609623,0.832604828
0.776942144,0.0616981,-0.000993376,-4.73E-06,-0.002103876,-0.000757153,-0.001916988,-0.000236278,-0.000410686,0.000712222,0.000720907,-0.000823854,0.832604828
0.775881031,0.061971947,0.000209751,0.000479687,-0.001855951,-0.000404394,-0.002633646,0.000322638,-0.000955869,-0.000324729,-0.000137212,0.000984802,0.833002368
0.774835702,0.06225714,0.001482924,0.000944368,-0.001542592,9.84E-05,-0.002264933,0.000561249,-0.000384917,-0.000659657,-0.000535007,-0.001085629,0.833069015
0.77381055,0.062557634,0.002823048,0.001376496,-0.001185096,0.000596476,-0.001057777,0.000527471,0.000708789,0.000192674,0.00059517,0.001075054,0.842321162
0.772769789,0.062836629,0.004183223,0.001716709,-0.00085677,0.000867829,0.000362895,0.000295846,0.000940981,0.000482028,-0.000131601,-0.000966519,0.843410519
0.771699805,0.063079871,0.005540521,0.001935931,-0.000589003,0.00079979,0.001424657,1.51E-05,3.31E-05,-6.07E-05,-0.000262368,0.000819924,0.843994447
0.770632799,0.063319588,0.006921293,0.002063712,-0.000338124,0.000461249,0.001877418,-0.000143496,-0.000806395,-0.000160872,0.000390588,-0.000634073,0.844014356
0.769553654,0.063540312,0.008302315,0.002080891,-0.000109853,-5.73E-05,0.001670982,-0.000245974,-0.000636376,-1.49E-05,-0.000357617,0.000408227,0.844041609
0.76847103,0.063750571,0.009685144,0.001998601,0.000123948,-0.000575449,0.001013006,-0.000330813,0.000262231,-0.000144916,0.000200927,-0.000133352,0.844156414
0.767393786,0.06395913,0.011071554,0.00183204,0.000392453,-0.000907581,0.00019898,-0.000340586,0.000780082,-4.69E-06,0.000187624,-0.000188713,0.844041609
0.76632309,0.064166864,0.012454329,0.001588876,0.000706468,-0.000938478,-0.000544036,-0.000190615,0.000309758,0.000411925,-0.000688676,0.000523652,0.844198426
0.765245303,0.064359577,0.013809834,0.001261095,0.001046837,-0.000668093,-0.001114865,0.000108477,-0.000552217,6.74E-05,0.000690868,-0.00086475,0.844198426
0.764139396,0.064515752,0.015107386,0.000837231,0.001381355,-0.000187456,-0.001462656,0.000432273,-0.000710446,-0.000658398,0.0001495,0.001222261,0.844198426
0.763049511,0.064679805,0.016385741,0.00038423,0.001755884,0.000446801,-0.001422434,0.000686248,0.000162323,-8.86E-05,-0.00105939,-0.001547334,0.842897738
0.761965622,0.064841264,0.017625574,-9.31E-05,0.002132342,0.001035584,-0.000989878,0.000565933,0.000838392,0.000802549,0.000852984,0.0017383,0.853208746
0.760826457,0.064937957,0.018753992,-0.000645494,0.002402163,0.001310622,-0.000310237,-0.00011473,0.000257478,9.62E-05,0.000436435,-0.00171258,0.845544029
0.759697152,0.065035664,0.019833295,-0.001174694,0.002623026,0.001279209,0.000645533,-0.000809329,-0.000592676,-0.000713501,-0.001221459,0.001521565,0.845544029
0.758590489,0.06514738,0.020871228,-0.001640573,0.002785172,0.000952539,0.001657699,-0.000972363,-0.000521802,-0.000145022,0.000446578,-0.001242001,0.845544029
0.757490149,0.065256336,0.021842825,-0.002043,0.002827554,0.000350531,0.002273662,-0.000494535,0.000205433,0.000507381,0.000886963,0.00086934,0.850566584
0.756370752,0.065336572,0.022713494,-0.002394707,0.002679078,-0.000446811,0.002063599,0.000288567,0.000474498,9.92E-05,-0.001124883,-0.000425622,0.845544029
0.755250945,0.065406729,0.023496117,-0.002658627,0.00233834,-0.001223686,0.000964414,0.000934674,5.27E-05,-0.000242824,1.37E-05,-2.19E-05,0.843645695
0.754146225,0.065482187,0.02420019,-0.002804956,0.001811836,-0.001759537,-0.000713737,0.00104139,-0.00033667,1.59E-05,0.001087733,0.000394435,0.843645695
0.753005956,0.065511478,0.024765589,-0.002882684,0.001038601,-0.00197378,-0.00244514,0.000400051,-0.000230693,-8.39E-05,-0.00094076,-0.000656141,0.835778664
0.751853015,0.065517522,0.025211151,-0.002857891,7.82E-05,-0.001733143,-0.003412362,-0.000524833,0.000281615,-8.79E-05,-0.000135155,0.000855607,0.834533616
0.75070945,0.065522539,0.025556182,-0.002698892,-0.000985276,-0.001002963,-0.002998961,-0.001051046,0.000496537,0.000419167,0.000944851,-0.001014765,0.834268486
0.749557637,0.065508613,0.025778283,-0.002424042,-0.0021032,6.21E-05,-0.001209418,-0.000864257,-5.16E-05,0.000203147,-0.000763244,0.001130511,0.834268486
0.748416694,0.065494817,0.025893618,-0.002016102,-0.003172271,0.001252794,0.001370221,-8.96E-05,-0.000676573,-0.000691758,-7.55E-05,-0.001204343,0.834533616
0.747276545,0.065470637,0.025887523,-0.001496781,-0.00412342,0.002256993,0.003653982,0.000690688,-0.000500474,-0.000478166,0.000646261,0.001209689,0.840512089
0.74612648,0.065424722,0.025744151,-0.00089517,-0.004893674,0.002774679,0.004549667,0.000909689,0.000380893,0.000861248,-0.000539839,-0.001150714,0.840512089
0.744930355,0.065320137,0.025422147,-0.000270442,-0.005452391,0.002583367,0.003460411,0.000422145,0.000885878,0.000813948,6.33E-05,0.001055346,0.840512089
0.743688042,0.065156778,0.024921587,0.000364197,-0.005717108,0.00171333,0.00074543,-0.000264748,0.000424826,-0.000788675,0.000457061,-0.000835948,0.829208837
0.74246093,0.064996983,0.024310054,0.001068541,-0.005535229,0.000470939,-0.002362213,-0.000433428,-0.000390515,-0.000980016,-0.000511276,0.000518249,0.823294961
0.741242313,0.064834186,0.023583286,0.001821102,-0.004875141,-0.000855234,-0.004537497,-7.03E-05,-0.000826219,0.000562516,-3.24E-05,-0.000179038,0.821017365
0.740012691,0.064648655,0.022722798,0.002580254,-0.003767438,-0.001992126,-0.004856911,0.000268093,-0.000551648,0.001040133,0.000553961,-0.000145928,0.820459681
0.738778547,0.064446929,0.021738306,0.00333275,-0.002249737,-0.00267229,-0.003116126,0.000135626,0.000285022,-0.000285392,-0.000404937,0.000442251,0.820459681
0.73754752,0.064236794,0.020641841,0.004066889,-0.000395952,-0.002727928,2.10E-05,-0.000382993,0.000990134,-0.001021045,-0.000246571,-0.000684089,0.821017365
0.736342222,0.064040953,0.019460586,0.00478419,0.001695412,-0.002127856,0.003271388,-0.000734211,0.000776096,6.12E-06,0.00059356,0.000818794,0.829584308
0.735115729,0.063811692,0.018147901,0.005404615,0.003803415,-0.001102477,0.005135977,-0.000541655,-0.0004948,0.000793927,-0.000320891,-0.000868897,0.829584308
0.733865534,0.063546249,0.016705122,0.005901271,0.005752366,9.93E-05,0.004775357,0.000249895,-0.001459519,0.000286694,-0.000160447,0.000906474,0.829584308
0.73263162,0.063284799,0.015179212,0.006298357,0.007422484,0.001265169,0.002381054,0.00119992,-0.000708632,-0.000409949,0.000426105,-0.000965551,0.829584308
0.731345367,0.062957855,0.013503389,0.006500387,0.008572634,0.002048117,-0.001143272,0.001368431,0.000987268,-0.000611589,-0.000436935,0.00104434,0.827025983
0.730025065,0.062583947,0.011704635,0.006518471,0.009111377,0.002342438,-0.004213288,0.000491985,0.001801767,0.000126836,0.000398525,-0.001029828,0.819386273
0.728707738,0.062200816,0.009832017,0.006393859,0.009022157,0.002201081,-0.005370993,-0.000835693,0.000695971,0.000956666,-2.74E-05,0.000896927,0.815654361
0.727366855,0.061782076,0.007868472,0.006100694,0.00825619,0.001673286,-0.004107013,-0.001719863,-0.001431184,0.00019317,-0.000747086,-0.000633181,0.803625791
0.726044383,0.06137035,0.005868678,0.005692184,0.00689512,0.000958573,-0.000907124,-0.001385639,-0.002143163,-0.001132326,0.001237448,0.00025578,0.803625791
0.724699795,0.060924921,0.003800565,0.005131004,0.004962648,0.000144753,0.002720644,-4.93E-05,-0.000480207,-0.000700092,-0.000613513,0.000177791,0.800576487
0.723353452,0.060466421,0.001695875,0.004450435,0.00260055,-0.000604893,0.005152628,0.001436936,0.001986537,0.001255803,-0.000916844,-0.000583008,0.800576487
0.721981741,0.059971051,-0.000459782,0.003637084,-6.66E-05,-0.00122151,0.005227941,0.001974055,0.002393755,0.001210158,0.001877192,0.000872428,0.800576487
0.720517352,0.059371452,-0.002723275,0.00263995,-0.002921412,-0.00169441,0.002838054,0.001085932,-8.31E-06,-0.001196306,-0.000886935,-0.000875561,0.774042271
0.719105396,0.058815258,-0.004924577,0.001658711,-0.005546695,-0.001701416,-0.000627341,-0.000292358,-0.002257065,-0.001310871,-0.001043291,0.000644091,0.761813995
0.717724203,0.058281584,-0.007070071,0.000702788,-0.00774932,-0.001275935,-0.003627291,-0.001337228,-0.002024975,0.00085779,0.001684373,-0.000351531,0.75599812
0.716342918,0.05773977,-0.009178901,-0.000237536,-0.009393256,-0.000598638,-0.004954213,-0.001618086,0.00020872,0.001217776,-0.00050127,6.99E-05,0.747950666
0.714996238,0.057225317,-0.011201687,-0.001100443,-0.010304915,0.000185475,-0.004078738,-0.001034416,0.00214696,-0.000499416,-0.001021967,0.000129578,0.744962455
0.713673283,0.056727595,-0.013138157,-0.001880363,-0.010427274,0.000841861,-0.001530836,-2.42E-06,0.001792604,-0.001155105,0.001130111,-0.000255701,0.744962455
0.712374921,0.056247566,-0.014977704,-0.0025657,-0.009757665,0.00118188,0.001463646,0.000916835,-0.000465763,0.000122821,9.03E-06,0.000255085,0.744962455
0.71107594,0.055759819,-0.016737937,-0.003178195,-0.008387418,0.001074098,0.003525222,0.001265774,-0.00230527,0.000929433,-0.000921938,-0.000134143,0.74155251
0.709795131,0.055283444,-0.018390227,-0.003691673,-0.006403775,0.000587113,0.003863466,0.001005314,-0.001675075,0.000236985,0.000644815,-7.81E-05,0.739700031
0.708557769,0.054843889,-0.019900771,-0.004078361,-0.003936895,-9.93E-05,0.00250455,0.000318379,0.000829474,-0.000650891,0.000244319,0.00028922,0.739700031
0.707303884,0.054380346,-0.021327207,-0.0044123,-0.00126246,-0.000872997,7.77E-05,-0.000658118,0.002351094,-0.000687359,-0.000751173,-0.00049355,0.733256654
0.706057491,0.053916816,-0.022639257,-0.004674119,0.0014361,-0.001465774,-0.002212782,-0.001414114,0.001322712,0.00035639,0.00049798,0.000706629,0.731697797
0.704817978,0.053452572,-0.023832406,-0.004871414,0.003951852,-0.001673803,-0.003319295,-0.001458416,-0.001105252,0.001036405,0.000114436,-0.000939166,0.726374375
0.703569349,0.052971312,-0.024919193,-0.005030355,0.006076745,-0.001415092,-0.002826086,-0.000641083,-0.002358334,3.93E-06,-0.000522269,0.001172187,0.726374375
0.702314597,0.052476094,-0.025891748,-0.005152947,0.007666398,-0.000697231,-0.001035753,0.000737158,-0.001044,-0.001238276,0.000519059,-0.001351454,0.726374375
0.701085275,0.051998799,-0.026712852,-0.005208757,0.008656313,0.000376081,0.001197901,0.001945311,0.001493277,-0.000398084,-0.000163154,0.001428177,0.735925082
0.699853693,0.051511328,-0.027409263,-0.005236201,0.008952621,0.001489758,0.002734484,0.002028238,0.002359117,0.001223931,-0.000422939,-0.001416084,0.735925082
0.698602272,0.050995647,-0.027998485,-0.00526293,0.008525398,0.002299249,0.002813375,0.000661197,0.000522593,0.000790935,0.000795952,0.001317234,0.735925082
0.697298941,0.050419585,-0.028510989,-0.0053235,0.007398558,0.002527491,0.001432483,-0.001412148,-0.001901508,-0.001038012,-0.000393488,-0.001052108,0.717998842
0.696033825,0.049874632,-0.028847418,-0.005307718,0.005809161,0.002222744,-0.000480913,-0.002566441,-0.001899804,-0.000900897,-0.000389091,0.00066407,0.713803491
0.694787639,0.049341712,-0.029024925,-0.00522974,0.003886902,0.001391657,-0.001972497,-0.001951567,0.000274431,0.000657716,0.000640995,-0.000276133,0.712646067
0.693544139,0.048804547,-0.029059813,-0.005104142,0.001775236,0.000154175,-0.002375636,3.37E-05,0.001843218,0.000851836,-0.00020925,-5.23E-05,0.708939922
0.692337936,0.048298152,-0.028916033,-0.004889132,-0.000316024,-0.001194042,-0.001524234,0.002090661,0.001133972,-0.000264658,-0.000308098,0.000258463,0.706734349
0.691137697,0.047790838,-0.028628607,-0.00462005,-0.002273929,-0.002414354,2.72E-06,0.002679681,-0.000855835,-0.000842287,0.000231056,-0.000371625,0.701655263
0.689943424,0.047282483,-0.02820079,-0.004298321,-0.003967943,-0.003229825,0.001363491,0.001324343,-0.001659001,-0.000101169,0.000205915,0.000410021,0.698766002
0.68875906,0.046777011,-0.027632055,-0.003920235,-0.00528803,-0.00341836,0.001861269,-0.001036946,-0.000411954,0.000737298,-0.00026679,-0.00040427,0.69595331
0.687575685,0.046265434,-0.026935628,-0.003495741,-0.006171411,-0.002892852,0.001266578,-0.002722566,0.001205055,0.00041982,-0.000231705,0.000384041,0.693456301
0.686429903,0.045784636,-0.026077985,-0.002985299,-0.006538505,-0.001660414,-5.91E-06,-0.002432432,0.001265296,-0.000504409,0.000606484,-0.000391227,0.693456301
0.685292166,0.045304563,-0.025096789,-0.00242747,-0.006436917,9.45E-07,-0.001307238,-0.000418906,-0.000296042,-0.000812316,-0.000303147,0.000392349,0.693456301
0.684172279,0.044834723,-0.023989865,-0.001819885,-0.005905057,0.001747425,-0.001922291,0.001882644,-0.001449911,0.000170002,-0.000485669,-0.000383245,0.69615167
0.683069968,0.044374319,-0.022766998,-0.001174455,-0.005026069,0.003175894,-0.001509124,0.002803839,-0.000761009,0.001063645,0.00082401,0.000316937,0.705466829
0.681938854,0.043876007,-0.02148703,-0.000555715,-0.003958679,0.003875515,-0.000319125,0.001609335,0.000795793,0.000163923,-0.00025185,-0.000182678,0.705466829
0.680800646,0.043361408,-0.020136189,5.24E-05,-0.002773977,0.00370653,0.001125277,-0.000726118,0.001393769,-0.001093915,-0.00056714,3.94E-05,0.705466829
0.679658762,0.042833958,-0.01871865,0.000649738,-0.001553902,0.00271409,0.002139286,-0.002419637,0.000370911,-0.000490765,0.000766599,9.37E-05,0.705532742
0.678530034,0.042310598,-0.017224912,0.001251004,-0.000355442,0.00114332,0.002219394,-0.002211294,-0.001034671,0.001058804,-0.000149549,-0.000200749,0.705437925
0.677402206,0.041778836,-0.01567668,0.001836862,0.000738837,-0.000680049,0.001223204,-0.000364436,-0.001253614,0.000763385,-0.000659564,0.00024333,0.705437925
0.676272307,0.041235551,-0.014086075,0.002398204,0.001674392,-0.002362888,-0.000466745,0.001662589,-6.39E-05,-0.000952019,0.000802504,-0.000191722,0.705532742
0.675157599,0.040698076,-0.01244383,0.002949079,0.002441184,-0.003512822,-0.002070799,0.002370533,0.00121352,-0.000987057,-6.58E-05,3.72E-05,0.705532742
0.674053363,0.040161482,-0.010764293,0.003477255,0.00301611,-0.00389224,-0.00283913,0.001246269,0.001092072,0.000746357,-0.000848408,0.000188649,0.705303079
0.672963998,0.03962993,-0.009052944,0.003978562,0.003398579,-0.003427677,-0.00235749,-0.00082486,-0.000310653,0.001154659,0.000911625,-0.000472584,0.705303079
0.671881631,0.039095114,-0.007328656,0.004433403,0.003582453,-0.002250954,-0.000788151,-0.002276977,-0.001413454,-0.00055117,5.81E-06,0.000760439,0.705303079
0.670804754,0.03855519,-0.005603446,0.004829567,0.003580169,-0.000632959,0.001216931,-0.00199985,-0.000906107,-0.001287642,-0.000981739,-0.001003321,0.705303079
0.66975687,0.038033377,-0.003864005,0.005180494,0.003436861,0.001093122,0.002798861,-0.000172467,0.00069362,0.000318788,0.00093717,0.001120236,0.720934739
0.668669972,0.0374605,-0.002193192,0.005396983,0.003087829,0.002452792,0.00310605,0.001696039,0.001403672,0.001236769,3.76E-05,-0.001084597,0.720934739
0.667581114,0.03687359,-0.000562128,0.005512478,0.002610917,0.003228879,0.002026238,0.002297529,0.000561883,7.18E-05,-0.000782752,0.000953827,0.720934739
0.666480308,0.03626247,0.001010598,0.005513675,0.002036797,0.003293363,1.78E-05,0.001224949,-0.00081549,-0.001103441,0.000596411,-0.000756287,0.713701352
0.665378548,0.035638153,0.002529001,0.005413336,0.001422159,0.00270384,-0.002006784,-0.000676676,-0.001193039,-0.000382202,0.000160008,0.000541352,0.709278906
0.66428673,0.035011555,0.003997436,0.005226021,0.000818632,0.001645812,-0.003124179,-0.002000265,-0.000257374,0.000900999,-0.000580177,-0.000353487,0.705742391
0.663189078,0.034366564,0.005392078,0.004936455,0.000233641,0.00033841,-0.002864875,-0.00186596,0.000810854,0.000578211,0.000239336,0.000206063,0.705742391
0.662085863,0.033703262,0.006706449,0.004549214,-0.000313218,-0.000948031,-0.001341285,-0.000429926,0.000902217,-0.000632985,0.000347654,-9.77E-05,0.704823599
0.660969262,0.033013651,0.007926603,0.00406293,-0.000816665,-0.001975257,0.00077286,0.001240475,8.46E-05,-0.00069505,-0.000400121,3.75E-05,0.704823599
0.659836691,0.032295185,0.009045649,0.003486513,-0.001265199,-0.002556995,0.002565539,0.001986571,-0.000650014,0.00038692,-7.26E-05,9.86E-06,0.704823599
0.658706493,0.031566547,0.010079945,0.0028557,-0.001622647,-0.002572839,0.003298003,0.001380463,-0.000571852,0.000805338,0.000452502,-4.70E-05,0.704823599
0.657566599,0.030815796,0.011014886,0.002174049,-0.00189401,-0.002063905,0.002632694,-0.000121707,2.62E-06,-0.000141244,-0.000247655,8.49E-05,0.699550738
0.656433475,0.030059826,0.011866636,0.001478181,-0.002052913,-0.001137355,0.0008684,-0.001437713,0.000432022,-0.000806903,-0.000264271,-0.000116072,0.69510525
0.655314521,0.029306383,0.012642368,0.000794148,-0.00209032,3.62E-06,-0.001250281,-0.001699038,0.00039884,-0.000115614,0.000421957,0.000128089,0.693339885
0.654212108,0.028557954,0.013343416,0.000138628,-0.002015103,0.001099997,-0.002855855,-0.000836399,3.84E-05,0.000700079,-6.80E-05,-0.000149272,0.692338008
0.653110974,0.02779912,0.013952434,-0.000494566,-0.001865849,0.001882256,-0.003326116,0.000437974,-0.000342898,0.000290284,-0.000392974,0.000174784,0.691091256
0.652013679,0.027032431,0.014471213,-0.001093158,-0.001660389,0.002188191,-0.002466235,0.001266156,-0.000419632,-0.000534484,0.000417262,-0.000199089,0.691091256
0.650919458,0.026257122,0.014898847,-0.001649263,-0.001417589,0.001971808,-0.000614176,0.001197587,-0.000105293,-0.000414229,6.01E-05,0.000221146,0.691091256
0.649834187,0.025479118,0.015241837,-0.002149197,-0.001145328,0.001319076,0.001501752,0.000424878,0.000356009,0.000348531,-0.000507923,-0.000241382,0.690276908
0.648758047,0.024698524,0.015500772,-0.002588293,-0.00085694,0.000401519,0.003027092,-0.000473905,0.000499926,0.000464916,0.000366799,0.000242168,0.690276908
0.647674458,0.023898517,0.015658967,-0.002982571,-0.000582858,-0.000580113,0.003313296,-0.000978129,8.29E-05,-0.000188522,0.000216357,-0.000222209,0.685603673
0.646586017,0.023081795,0.015721257,-0.00332538,-0.000319623,-0.00138252,0.002257641,-0.00084333,-0.000462904,-0.000424107,-0.000522829,0.000210099,0.680044944
0.645515535,0.02227159,0.015714835,-0.003586858,-3.17E-05,-0.001780409,0.000336489,-0.000201865,-0.000473705,9.14E-05,0.00021498,-0.000212291,0.677558793
0.644462833,0.021467853,0.015642619,-0.003765842,0.000284503,-0.001695376,-0.001686266,0.000469578,4.38E-05,0.000306658,0.00027789,0.000200466,0.67550563
0.643430718,0.020673362,0.015509916,-0.003862219,0.000627086,-0.001182084,-0.003033133,0.000731136,0.000468689,-7.29E-05,-0.000422086,-0.000188776,0.672361202
0.642412973,0.019881609,0.015311806,-0.003890135,0.000972889,-0.000424391,-0.003226218,0.000450128,0.000293584,-0.000244486,5.20E-05,0.000146138,0.672044938
0.641390079,0.019072606,0.015029397,-0.003880322,0.001277362,0.000321808,-0.002246842,-0.000132344,-0.000255981,4.37E-05,0.000350318,-6.54E-05,0.670760953
0.640371875,0.018256045,0.014675283,-0.003829817,0.001533492,0.000867492,-0.000447247,-0.000524361,-0.00042834,0.000229042,-0.000254157,-4.08E-05,0.670760953
0.639346422,0.017419767,0.014240211,-0.003758032,0.001711592,0.001073348,0.001505856,-0.000454064,-2.30E-05,-3.22E-05,-0.000209128,0.000167763,0.670760953
0.638332024,0.016582216,0.013747442,-0.003648691,0.00182362,0.00095208,0.002944953,1.43E-05,0.000448281,-0.000161896,0.000460518,-0.000288198,0.670760953
0.63733396,0.015748662,0.013206582,-0.00350024,0.001865406,0.000589378,0.00334766,0.000458301,0.000321685,1.39E-05,-0.000163303,0.000358278,0.669710014
0.636339964,0.014906562,0.012608368,-0.003332001,0.001809283,0.000102236,0.002509114,0.000442087,-0.000325441,4.30E-05,-0.000423065,-0.000371001,0.663933117
0.635357122,0.014062838,0.011963694,-0.003141706,0.001653609,-0.000343371,0.000698516,-3.27E-05,-0.000616849,-2.24E-05,0.000613134,0.000316146,0.660895971
0.634368806,0.013200508,0.01125887,-0.002952388,0.001373904,-0.000635174,-0.00147425,-0.000576647,-9.73E-05,3.93E-05,-0.000110737,-0.000198376,0.654017806
0.633387742,0.012332289,0.010511613,-0.002751906,0.000992182,-0.000669821,-0.003172861,-0.000639181,0.000685854,0.000110445,-0.000560599,4.70E-05,0.649941152
0.63242235,0.01146654,0.009735186,-0.002532082,0.000532647,-0.000433434,-0.003707109,-6.77E-05,0.00068839,-0.000104354,0.000633402,9.81E-05,0.648728623
0.631461134,0.01059139,0.008921292,-0.002308144,-1.73E-06,-3.29E-05,-0.00284345,0.000676602,-0.000296179,-0.000276351,-2.94E-05,-0.000229583,0.645769394
0.630496794,0.009699136,0.008065839,-0.002090329,-0.000596154,0.000376065,-0.000866521,0.000927891,-0.001103192,0.000114883,-0.000612183,0.0003343,0.645326328
0.629518762,0.008778937,0.007162356,-0.001888964,-0.00122654,0.000639633,0.001513155,0.000391341,-0.000554234,0.000480504,0.000639525,-0.000372157,0.644569893
0.628559446,0.00786342,0.006250207,-0.001663512,-0.001805894,0.000712835,0.003469078,-0.000506057,0.000947182,2.21E-05,5.39E-05,0.000344838,0.644043618
0.627607827,0.006941266,0.005322504,-0.001423543,-0.002303434,0.000540513,0.004194428,-0.001101692,0.001438766,-0.000735391,-0.00083626,-0.000296188,0.640206739
0.62663405,0.005982136,0.004352551,-0.001199631,-0.002713619,0.000116413,0.003277618,-0.000938304,-9.00E-06,-0.000275135,0.000804458,0.000262357,0.636132679
0.625667532,0.005015796,0.003377556,-0.000951417,-0.002952862,-0.000387243,0.00105192,3.32E-05,-0.001624585,0.001058546,0.000275911,-0.000211396,0.629484014
0.624732492,0.004066797,0.002429331,-0.000644738,-0.002954188,-0.000775274,-0.001634994,0.001183328,-0.001238644,0.000631371,-0.001335215,0.000104509,0.624631882
0.623803807,0.003109705,0.001486614,-0.000305218,-0.002734625,-0.000961836,-0.003820502,0.001522214,0.000746008,-0.001409268,0.000932992,2.70E-05,0.621954375
0.62289456,0.002157554,0.00056761,8.14E-05,-0.002284842,-0.000868338,-0.004631377,0.000659303,0.001914969,-0.001095269,0.000780267,-0.000165344,0.619589048
0.622003144,0.00120849,-0.000325412,0.000510279,-0.001634482,-0.000518476,-0.003706025,-0.000894507,0.000701818,0.001601829,-0.00196842,0.000263264,0.617256517
0.621119334,0.00025187,-0.001199929,0.000963452,-0.00084378,-2.58E-05,-0.001349135,-0.002015179,-0.001536311,0.001615653,0.000992098,-0.000309852,0.617256517
0.620250009,-0.0007057,-0.002045686,0.001440445,3.48E-05,0.000477763,0.001604123,-0.001731173,-0.001982746,-0.001653257,0.001412823,0.000290304,0.617256517
0.619396261,-0.001663465,-0.002858809,0.001932336,0.000932127,0.000846347,0.004042649,-6.59E-05,7.02E-05,-0.002221072,-0.002623614,-0.000214415,0.616526426
0.618572664,-0.002607333,-0.00362301,0.002439988,0.001784832,0.000973613,0.005003161,0.001863846,0.002167736,0.001511019,0.000911455,4.62E-05,0.630345023
0.617707492,-0.003610446,-0.00441366,0.00286447,0.002422818,0.000696119,0.003918112,0.002461512,0.001496268,0.002685984,0.002076998,0.000180435,0.630345023
0.616787356,-0.004686498,-0.005241602,0.003181711,0.002782938,8.93E-05,0.00118259,0.001227262,-0.001069679,-0.001066555,-0.002829935,-0.000301393,0.608557771
0.615910734,-0.005735743,-0.005997127,0.003502402,0.002978188,-0.00048288,-0.001913028,-0.000759654,-0.002019395,-0.002816765,0.000477548,0.000301589,0.603283819
0.615049264,-0.006786659,-0.006705164,0.003791545,0.00297254,-0.000855834,-0.004179799,-0.002176259,-0.000390993,0.000387507,0.002268424,-0.000259921,0.603283819
0.614188558,-0.007853924,-0.007377939,0.004025162,0.002751821,-0.000927129,-0.004791425,-0.002136579,0.001479723,0.002760707,-0.002452166,0.000206835,0.599404139
0.613346076,-0.008920033,-0.007994232,0.004215729,0.002356397,-0.000642962,-0.003529358,-0.000679467,0.001280391,0.000310198,3.61E-05,-0.000161394,0.599404139
0.612517396,-0.009989664,-0.008556639,0.004349893,0.00180817,-9.74E-05,-0.000946042,0.001171119,-0.000527108,-0.002603762,0.002208543,0.000109359,0.599404139
0.61169434,-0.011071404,-0.009072632,0.004408918,0.001130928,0.000518909,0.00190174,0.002152257,-0.001492859,-0.00099391,-0.001945875,-6.28E-05,0.597006456
0.610882227,-0.012160284,-0.00953613,0.00438933,0.000371993,0.001002763,0.003914578,0.001656451,-0.000409878,0.002297334,-0.00032813,2.49E-05,0.602065673
0.6100697,-0.013268291,-0.009959509,0.004268731,-0.000438727,0.001155798,0.004326547,5.38E-05,0.001130641,0.001559252,0.001999312,-2.05E-05,0.602065673
0.609224174,-0.01442877,-0.010377197,0.004004413,-0.001289093,0.000853682,0.003003858,-0.0015677,0.001012318,-0.00187522,-0.001356177,8.63E-05,0.587526888
0.608369673,-0.015617651,-0.010762627,0.003624763,-0.002082781,0.000209019,0.000612829,-0.002000781,-0.000404109,-0.001880903,-0.000516661,-0.000164275,0.579258043
0.607522289,-0.016818799,-0.011097234,0.003153642,-0.002731717,-0.000559543,-0.001812007,-0.000929055,-0.001093432,0.001417107,0.001479756,0.000225418,0.579258043
0.606657868,-0.018056863,-0.011405784,0.002570432,-0.003209721,-0.001247346,-0.003377993,0.000771679,-0.000255621,0.002033518,-0.000790378,-0.000261512,0.574662645
0.605754083,-0.019354532,-0.011710482,0.001861843,-0.003494609,-0.001646136,-0.003575977,0.001824579,0.000861627,-0.000902768,-0.000399609,0.000313184,0.570187466
0.604830581,-0.020691696,-0.011987046,0.001071498,-0.003512615,-0.001534207,-0.002353741,0.001594082,0.000845032,-0.001914849,0.000922322,-0.000305942,0.566384202
0.603927321,-0.022027603,-0.012189143,0.000270493,-0.003181215,-0.000798747,-0.000177864,0.000398727,-0.00017965,0.000524354,-0.000500359,0.00022282,0.566384202
0.603027143,-0.023379327,-0.012331733,-0.000535897,-0.002523106,0.000387971,0.00200649,-0.000970883,-0.000990867,0.001617701,-0.000263205,-9.47E-05,0.565971317
0.602132422,-0.024744369,-0.012410379,-0.001322369,-0.00157174,0.001712116,0.003295823,-0.00165775,-0.000609077,-0.000253322,0.000598589,-5.48E-05,0.564755408
0.601250451,-0.026115339,-0.012416245,-0.002059685,-0.000385862,0.002782732,0.003185254,-0.001284516,0.000507661,-0.001279279,-0.000353156,0.000192065,0.564479284
0.6003591,-0.02751464,-0.012372283,-0.002754055,0.00091215,0.00319327,0.001714961,-0.000199819,0.000959468,4.67E-05,-0.000113328,-0.000306894,0.564479284
0.599451097,-0.028949568,-0.012285475,-0.003394423,0.002206668,0.002719134,-0.000464742,0.000913667,0.000252217,0.000956001,0.000416291,0.00042415,0.56226006
0.598549054,-0.030397057,-0.012130495,-0.003934632,0.003419361,0.001422093,-0.002350665,0.001497313,-0.000629186,0.000138169,-0.000303653,-0.000511603,0.554161354
0.597666395,-0.03184339,-0.011892486,-0.004342592,0.004458818,-0.00042096,-0.003121344,0.001268008,-0.000663731,-0.000622381,-8.55E-05,0.000526986,0.551499621
0.59677403,-0.03331791,-0.011602505,-0.004639469,0.005185431,-0.002425109,-0.002546463,0.000273652,-3.76E-05,-0.0003013,0.000293163,-0.000472534,0.547330014
0.595877044,-0.034815432,-0.011255826,-0.004810707,0.00552353,-0.004065695,-0.000921582,-0.00092946,0.000488245,0.000312051,-9.84E-05,0.000382157,0.545800443
0.594983091,-0.036328073,-0.010844718,-0.004840702,0.005432556,-0.004850812,0.001038495,-0.001609515,0.000466578,0.000400356,-0.000159969,-0.000263228,0.543352847
0.594092856,-0.037855054,-0.010369429,-0.00472627,0.004895323,-0.004479886,0.002486809,-0.001326486,4.99E-05,1.08E-05,0.000109491,0.000123264,0.543352847
0.593197778,-0.039404971,-0.009840492,-0.004479114,0.003918756,-0.002940328,0.002807573,-0.00021658,-0.000339809,-0.00041408,0.000142071,2.85E-05,0.54266833
0.592296273,-0.040979357,-0.009261248,-0.00410639,0.002557162,-0.000505868,0.001906174,0.001091653,-0.000393213,-0.000314979,-0.000159785,-0.000163366,0.542265695
0.591390984,-0.042575392,-0.008630422,-0.003612854,0.000907735,0.00230878,0.000233077,0.00181709,-9.77E-05,0.000367727,-0.000121064,0.000281504,0.542265695
0.590483929,-0.044190873,-0.007947627,-0.003007231,-0.000904169,0.004846555,-0.001447214,0.001465199,0.000288225,0.000620181,0.000324269,-0.000372753,0.540797898
0.589563579,-0.045837194,-0.007226628,-0.00231572,-0.002748607,0.006446849,-0.002416717,0.000151709,0.000422184,-0.000230019,-9.26E-05,0.000445386,0.536181144
0.588638539,-0.047505334,-0.006459837,-0.001543449,-0.00445948,0.006659192,-0.002261728,-0.001337366,0.000201337,-0.000846625,-0.000326729,-0.000477409,0.53106886
0.58769908,-0.049204591,-0.005658137,-0.000715932,-0.005892444,0.005318094,-0.001096482,-0.002050939,-0.0002242,3.85E-05,0.000426082,0.00048693,0.528507741
0.58677815,-0.050901142,-0.004787581,0.000187701,-0.006867285,0.002679603,0.000581176,-0.001399572,-0.000424966,0.001109674,5.50E-05,-0.000461118,0.526659969
0.585864381,-0.052605964,-0.003861534,0.001135033,-0.007294509,-0.000749083,0.001969067,0.000227699,-0.000263301,0.000168365,-0.000682402,0.000366786,0.524214344
0.584956831,-0.054319615,-0.002883347,0.002101808,-0.007118385,-0.004234245,0.002412965,0.001766884,0.000137306,-0.001337371,0.000641637,-0.000190902,0.521567707
0.584069471,-0.056027617,-0.001841161,0.003078725,-0.006315126,-0.006962374,0.001723584,0.002187234,0.000475535,-0.000438715,0.000242624,-7.07E-05,0.519771168
0.583198527,-0.057733528,-0.000742933,0.004033381,-0.004939957,-0.008279791,0.000200527,0.00111768,0.000354583,0.001455271,-0.001136334,0.000375555,0.517788559
0.582340205,-0.059441059,0.000402191,0.004930961,-0.003101924,-0.007824456,-0.001472713,-0.000814466,-0.000224366,0.000730607,0.000879045,-0.00070678,0.515629472
0.581485887,-0.061158837,0.001579313,0.005731012,-0.000958986,-0.005624164,-0.002536149,-0.00234022,-0.000693336,-0.001540602,0.000499662,0.001024672,0.515629472
0.580642801,-0.062879448,0.002790135,0.00641326,0.001323149,-0.002072853,-0.002458189,-0.002336725,-0.000401355,-0.001040825,-0.001555366,-0.001276222,0.515629472
0.579840292,-0.064573494,0.004057427,0.006980062,0.003581566,0.002126025,-0.001211819,-0.000677375,0.000461157,0.001540765,0.000926043,0.001367452,0.536452692
0.578986131,-0.066334497,0.005274774,0.007297709,0.005498272,0.005912231,0.000495655,0.001392318,0.000707611,0.001177252,0.000766389,-0.001286387,0.540667677
0.578098158,-0.068144621,0.006452976,0.007366379,0.006926619,0.008467576,0.001965765,0.002584474,0.000183778,-0.001310739,-0.001486189,0.001148744,0.542794317
0.577195969,-0.069983827,0.007607285,0.00720181,0.007777029,0.009258048,0.002655847,0.002219909,-0.000346765,-0.001158695,0.000531873,-0.000960478,0.542794317
0.576262198,-0.071869355,0.008714423,0.006786021,0.007965155,0.008073227,0.002291625,0.000499084,-0.000391465,0.001105983,0.000926339,0.00076029,0.542794317
0.575280195,-0.073817428,0.009753733,0.006113751,0.007472217,0.005145023,0.001049894,-0.001516795,-5.53E-05,0.001192064,-0.001138328,-0.000493295,0.529031621
0.574292257,-0.075784397,0.010768827,0.005258678,0.006418628,0.001183918,-0.000439293,-0.002459211,0.000364325,-0.000742179,0.000130462,0.000229908,0.519257316
0.573313316,-0.077754126,0.011775204,0.004270738,0.004937608,-0.002922202,-0.001548386,-0.001741361,0.00043635,-0.001138353,0.000783567,-5.86E-06,0.510053905
0.572345828,-0.079723309,0.012773867,0.003186267,0.003169849,-0.006305922,-0.001923842,6.46E-05,-2.53E-06,0.000367293,-0.000682579,-0.000180109,0.503679443
0.571371859,-0.081709283,0.013743954,0.002020376,0.001245679,-0.008306084,-0.001588167,0.001679441,-0.000552763,0.000957805,-0.000109224,0.00032487,0.498539632
0.570416161,-0.083686324,0.014709286,0.000837559,-0.000647683,-0.008509303,-0.000763272,0.002119865,-0.000483242,-1.09E-06,0.000616451,-0.000412955,0.494164978
0.569470374,-0.085662209,0.015658345,-0.000335765,-0.002376184,-0.006939839,0.000143926,0.001166942,0.000184179,-0.000741512,-0.000392229,0.000411062,0.490861599
0.568520317,-0.087650647,0.016573096,-0.001481221,-0.003835154,-0.004001825,0.000778047,-0.000499428,0.000671538,-0.000313156,-0.000174069,-0.000308914,0.488065675
0.567586968,-0.089629755,0.017472956,-0.002541029,-0.004901946,-0.000314523,0.001044137,-0.001708048,0.000435338,0.000507594,0.000464626,0.000134162,0.487755837
0.566680797,-0.091588383,0.018365458,-0.003473995,-0.005507322,0.003345097,0.000993025,-0.001713255,-0.000334605,0.000513211,-0.000296077,4.55E-05,0.487562936
0.565769638,-0.093558558,0.019212382,-0.004292831,-0.005679009,0.006162273,0.00068474,-0.000698883,-0.000884888,-0.000314373,-0.000146992,-0.000209581,0.485896791
0.564862733,-0.095530467,0.020019221,-0.004967114,-0.005428242,0.007587932,0.000280557,0.000622715,-0.000449025,-0.000601228,0.000475931,0.000355597,0.487383456
0.563962872,-0.097500652,0.02078553,-0.005476033,-0.004801845,0.007385681,-9.80E-05,0.001450737,0.0006524,0.000113971,-0.000358846,-0.000463295,0.48493207
0.563086029,-0.099452449,0.021524088,-0.00579066,-0.003859985,0.005679684,-0.000390597,0.001375317,0.001153967,0.000633611,-0.000140013,0.000497166,0.484905646
0.562199857,-0.101418046,0.0221964,-0.005943111,-0.002744057,0.002828737,-0.000667704,0.000460264,0.000208999,6.16E-06,0.000477758,-0.000463843,0.477457704
0.561306089,-0.103395125,0.022800461,-0.005930728,-0.001556767,-0.000529348,-0.000887792,-0.000665212,-0.00115536,-0.000575698,-0.000237154,0.00040727,0.469478115
0.560420522,-0.105366997,0.023350177,-0.005737378,-0.000375108,-0.003643292,-0.000906459,-0.001260544,-0.001164513,-5.23E-05,-0.000254609,-0.00033409,0.464859863
0.559537204,-0.107338874,0.023836974,-0.005375785,0.00070793,-0.005871025,-0.000620053,-0.001027173,0.000340774,0.000496486,0.000392403,0.000253707,0.464859863
0.558675956,-0.109290007,0.024279164,-0.004835496,0.001645209,-0.006752806,1.09E-05,-0.000176026,0.001599147,0.000101662,-1.78E-05,-0.000175375,0.464859863
0.557827302,-0.111229354,0.024663563,-0.00414594,0.002367959,-0.006183409,0.000793132,0.000660075,0.000891801,-0.000483528,-0.000445873,7.08E-05,0.465157266
0.556975262,-0.1131725,0.024969869,-0.0033491,0.00282007,-0.004381384,0.001389341,0.000934799,-0.001108479,-0.000173314,0.00038281,6.91E-05,0.465247681
0.556131643,-0.11510689,0.025207672,-0.002457602,0.003008129,-0.00176577,0.001525614,0.000612377,-0.001863436,0.000516876,0.000256791,-0.000223851,0.465632125
0.5553005,-0.117027786,0.025378581,-0.001495328,0.002952792,0.001088869,0.001059173,2.33E-05,-0.000243378,0.000247953,-0.0007431,0.000366547,0.467252911
0.554466368,-0.118950152,0.025463818,-0.000509981,0.002670399,0.003562347,5.71E-05,-0.000456053,0.001838136,-0.000571375,0.000359139,-0.000480973,0.467252911
0.553643554,-0.120858854,0.02547635,0.000484176,0.002231671,0.00519174,-0.00110405,-0.000562365,0.001767688,-0.000298382,0.000642034,0.000569524,0.467252911
0.552827655,-0.122757586,0.025409998,0.001452694,0.001694825,0.005690453,-0.001947615,-0.000352444,-0.000570541,0.000606485,-0.001114902,-0.000634717,0.459924359
0.552033395,-0.1246308,0.025278545,0.002382616,0.001141992,0.005039794,-0.002047754,-2.93E-05,-0.002380615,0.000385205,0.000319976,0.000673884,0.457719217
0.551259646,-0.126479099,0.025078461,0.003242483,0.000625648,0.00342148,-0.001295601,0.00017553,-0.001364596,-0.000680994,0.000996608,-0.000719757,0.454495547
0.550490743,-0.128317883,0.024790426,0.003985054,0.000166113,0.001172157,3.07E-05,0.000171582,0.001378297,-0.000554649,-0.001390451,0.000770536,0.452167337
0.549740332,-0.130133055,0.024425652,0.004598235,-0.000194862,-0.001225376,0.001433403,0.000106589,0.002603905,0.000742316,0.000264999,-0.00082843,0.452167337
0.548975643,-0.131957408,0.023946603,0.005021581,-0.000487605,-0.003343903,0.002276448,5.65E-05,0.000651982,0.000684894,0.001259517,0.000868942,0.448881294
0.548187546,-0.133799663,0.023342182,0.005230117,-0.000716816,-0.004775949,0.002193125,8.52E-05,-0.002194037,-0.000702236,-0.001436741,-0.000813185,0.434149132
0.547415095,-0.135619707,0.022653534,0.005262512,-0.000829765,-0.005177276,0.001281559,0.000218979,-0.002337977,-0.00070328,7.09E-05,0.000657141,0.433439139
0.546631983,-0.137443439,0.021853358,0.005089743,-0.000865681,-0.004512557,-0.000141848,0.000203418,0.000399067,0.000588358,0.001317327,-0.000419573,0.433439139
0.545828896,-0.13927956,0.020932978,0.004709158,-0.000848004,-0.002937098,-0.001524096,-7.61E-05,0.002695633,0.000751107,-0.001192186,0.000158499,0.42954908
0.545022024,-0.141110725,0.019912779,0.004157602,-0.000763746,-0.000736568,-0.002258935,-0.000390998,0.001806178,-0.000369418,-0.000144976,0.000144067,0.424722615
0.544238374,-0.142908617,0.018825268,0.003490157,-0.000590104,0.001689007,-0.001993622,-0.000402514,-0.00121982,-0.000714416,0.001193775,-0.000479868,0.421157663
0.543464836,-0.144685515,0.017660508,0.002718995,-0.000364226,0.003817189,-0.00088203,-7.59E-05,-0.00288221,9.57E-05,-0.000966521,0.000802762,0.418255036
0.542716257,-0.146425614,0.016437481,0.001888535,-9.76E-05,0.005204625,0.000591922,0.000374844,-0.001179407,0.000618824,-0.000163795,-0.001084006,0.418255036
0.541992902,-0.148128025,0.015158977,0.001025586,0.000171398,0.005518585,0.001758556,0.000556361,0.001907772,8.20E-05,0.000930696,0.001251047,0.422990603
0.541255024,-0.149832368,0.013785375,0.000111353,0.000353182,0.004586595,0.002034721,0.000195464,0.002694249,-0.000562902,-0.000724271,-0.001279798,0.412980618
0.540509456,-0.151531009,0.012327756,-0.00081616,0.000432459,0.002591508,0.001358136,-0.000402453,0.000374047,-0.0001327,5.22E-05,0.001215323,0.405710495
0.539781133,-0.153197771,0.01081816,-0.001694666,0.00043594,-2.13E-07,0.000152865,-0.000643499,-0.002214132,0.000577811,0.000474165,-0.001059752,0.392908825
0.539079044,-0.154822578,0.009272056,-0.002481766,0.000379071,-0.002607918,-0.000977916,-0.000263854,-0.002153869,0.000156313,-0.000642496,0.000801843,0.385182841
0.538405984,-0.156401767,0.007697628,-0.00314766,0.00027118,-0.004662184,-0.001544263,0.000416644,0.000259047,-0.00065599,0.000405338,-0.000489179,0.380163587
0.537755912,-0.157940717,0.00609317,-0.003678579,0.000111989,-0.005731502,-0.001384106,0.000752686,0.002130037,-0.000265927,8.23E-05,0.000124474,0.377621585
0.53713071,-0.159436899,0.004464905,-0.004057934,-8.67E-05,-0.005588795,-0.000674062,0.000369217,0.001468984,0.000691856,-0.000624289,0.000248636,0.373588396
0.536522851,-0.160897349,0.002808958,-0.004285636,-0.00032179,-0.004281298,0.000167606,-0.000502042,-0.000739012,0.000353357,0.000771836,-0.000621699,0.369202988
0.53592038,-0.162333491,0.001117415,-0.004370482,-0.000588786,-0.002103275,0.000723874,-0.001137474,-0.001911591,-0.000728095,-0.000225747,0.000975932,0.364477232
0.535357826,-0.163709729,-0.000568063,-0.004272698,-0.000819142,0.000539272,0.000855535,-0.000826442,-0.000807901,-0.000394753,-0.000660502,-0.001280769,0.36206249
0.5348441,-0.165016621,-0.002234347,-0.003991222,-0.000986299,0.003085152,0.000588369,0.000300453,0.001007725,0.000660534,0.000949354,0.001423388,0.371647554
0.534316716,-0.166316961,-0.00394428,-0.003613136,-0.001160213,0.004882176,1.25E-05,0.001246468,0.001268809,0.000271098,-0.000366676,-0.001385107,0.364172054
0.533824819,-0.167560822,-0.005642923,-0.003103098,-0.001269507,0.005608342,-0.000466742,0.001287686,0.000143844,-0.000495172,-0.00046726,0.001195568,0.36306756
0.533339973,-0.168776563,-0.007356646,-0.002516204,-0.001339763,0.005071988,-0.000640399,0.000234627,-0.000820579,-0.000223199,0.000712029,-0.00093913,0.357659199
0.532839064,-0.169987077,-0.009105537,-0.001902484,-0.001387209,0.003376288,-0.000462228,-0.001192188,-0.000644636,0.000371831,-0.00024146,0.000707348,0.351399212
0.532370328,-0.171142984,-0.010833053,-0.001229246,-0.001332027,0.000996563,4.96E-05,-0.001739461,0.000239985,0.000278471,-0.000237623,-0.000528269,0.346830119
0.531923266,-0.172254184,-0.012544285,-0.000531003,-0.001173194,-0.001534199,0.00059162,-0.000894403,0.000527355,-0.000338697,0.000189348,0.000384098,0.343292019
0.531513416,-0.173304591,-0.014218559,0.000182212,-0.000894495,-0.003646315,0.000839537,0.000765863,-2.23E-05,-0.000357087,2.30E-05,-0.000307195,0.341019634
0.531104606,-0.174330442,-0.015890208,0.000840718,-0.000556839,-0.004957212,0.000526136,0.001869975,-0.000511038,0.000181408,4.31E-06,0.000266802,0.3384916
0.530703099,-0.17532512,-0.017548679,0.001424806,-0.000173264,-0.005203534,-0.000232199,0.001514232,-8.88E-05,0.0004533,-0.000152845,-0.00021504,0.33509712
0.530310703,-0.176286391,-0.01918726,0.00191443,0.000237374,-0.004350998,-0.001037579,-7.45E-05,0.000664408,1.51E-05,5.93E-05,0.000118767,0.332839779
0.52991758,-0.177223652,-0.020810609,0.002281927,0.00064271,-0.002606464,-0.001420413,-0.001692726,0.000509938,-0.00049309,0.000309165,6.40E-05,0.328362913
0.529566034,-0.178093687,-0.022368547,0.002562134,0.001072532,-0.000289629,-0.001010301,-0.001984979,-0.000497481,-0.000155559,-0.00042389,-0.00035418,0.327987057
0.529230369,-0.1789221,-0.023883407,0.002714607,0.001462954,0.002053838,3.67E-05,-0.000744291,-0.001134581,0.00036154,-0.000172973,0.000694014,0.331475176
0.528906879,-0.179712524,-0.025355633,0.002724982,0.001770996,0.003899367,0.001223815,0.001073272,-0.000360722,0.000242751,0.000877849,-0.001056278,0.334948036
0.528568116,-0.180492408,-0.026809783,0.002559377,0.001933136,0.004817821,0.001906744,0.002046009,0.001093432,-0.000226465,-0.000670237,0.001417053,0.336330649
0.528234452,-0.181240677,-0.028218555,0.002247293,0.001962666,0.004677451,0.001737539,0.001506487,0.001503467,-0.000176371,-0.000417418,-0.00168825,0.329399991
0.527924015,-0.18193845,-0.02955653,0.001822089,0.001881476,0.003580144,0.000749701,-9.51E-05,9.24E-05,0.000127667,0.001250749,0.001796327,0.328692441
0.527605018,-0.182617139,-0.030850235,0.001266875,0.00165974,0.001759883,-0.000707728,-0.001626253,-0.001777165,2.34E-05,-0.000805445,-0.001688725,0.310172283
0.527350375,-0.183202578,-0.032016694,0.000685146,0.00140202,-0.000270106,-0.001882769,-0.001860837,-0.001644681,4.58E-05,-0.000553996,0.001344889,0.309652217
0.527109883,-0.183745086,-0.033103806,4.09E-05,0.001054781,-0.002167848,-0.002332059,-0.000801622,0.000470161,-4.61E-05,0.001232246,-0.000868617,0.306541328
0.52688433,-0.184243709,-0.034107139,-0.000645193,0.00062604,-0.003580278,-0.001835552,0.000699398,0.002198668,-0.000205733,-0.00046427,0.000339211,0.305349969
0.526681102,-0.184690696,-0.035014751,-0.001341712,0.000141052,-0.004249504,-0.000541767,0.001578806,0.001446011,3.35E-05,-0.000821221,0.000165261,0.303178644
0.526495084,-0.185090921,-0.035828053,-0.002030478,-0.000385788,-0.004090162,0.001032172,0.001271895,-0.001120153,0.000331015,0.001082446,-0.000597149,0.300638593
0.526333435,-0.185436884,-0.036535839,-0.00267967,-0.000920883,-0.003161555,0.002242205,0.000110041,-0.002558639,2.05E-05,-3.57E-05,0.000899435,0.29806155
0.526191921,-0.185732584,-0.037139077,-0.003271003,-0.001441645,-0.001680078,0.002548506,-0.00102477,-0.001057406,-0.00047955,-0.00108123,-0.001053548,0.294005791
0.52608449,-0.185963759,-0.037620391,-0.003768609,-0.001903915,6.57E-05,0.001790869,-0.00132921,0.001823696,-0.000132015,0.000898509,0.001024879,0.300956784
0.525988696,-0.186152942,-0.038001256,-0.004180696,-0.002310608,0.001698447,0.000193122,-0.000725948,0.002663104,0.000521665,0.00033753,-0.00084531,0.299135588
0.525905517,-0.186298929,-0.038278281,-0.004490435,-0.002632982,0.002920788,-0.001596295,0.000278631,0.00035221,0.000290141,-0.001143071,0.000559757,0.29523983
0.52585444,-0.186381657,-0.038427893,-0.004660811,-0.002816356,0.003564105,-0.002769287,0.001006031,-0.00245372,-0.000490432,0.000592585,-0.000215556,0.291703632
